id,entity,metric,value,unit,period,status,source_id,source_url,locator,qualification
N_FEE,North Northamptonshire Council / Beam Up Ltd,Signed subscription fee excluding VAT,48000,GBP,2025-09-08/2026-09-07,contractual,N_CONTRACT,https://www.find-tender.service.gov.uk/Notice/Attachment/A-4800,Order form pp1-2; section9.7,Actual signed price; not a full implementation cost or verified net payment. Notice has conflicting VAT labels.
N_HOURS,North Northamptonshire Council / Beam Up Ltd,Included recording capacity,11900,recorded_hours,2025-09-08/2026-09-07,contractual,N_CONTRACT,https://www.find-tender.service.gov.uk/Notice/Attachment/A-4800,Order form p2,"Allowance, not actual use; bundled with reports, support and onboarding."
N_REPORTS,North Northamptonshire Council / Beam Up Ltd,Included Magic Reports capacity,100,reports,2025-09-08/2026-09-07,contractual,N_CONTRACT,https://www.find-tender.service.gov.uk/Notice/Attachment/A-4800,Order form p2,"Allowance, not completed assessments or actual reports used."
N_MONTHS,North Northamptonshire Council / Beam Up Ltd,Initial extension term,12,months,2025-09-08/2026-09-07,contractual,N_NOTICE,https://www.find-tender.service.gov.uk/Notice/053743-2025,Contract dates,Price normalization only; no assertion of uniform monthly billing.
N_SUPPORT_FEE,North Northamptonshire Council / Beam Up Ltd,Separately stated support fee,0,GBP,2025-09-08/2026-09-07,contractual,N_CONTRACT,https://www.find-tender.service.gov.uk/Notice/Attachment/A-4800,Order form p2,Support included in package; this zero does not eliminate buyer staff time or all delivery costs.
N_NONRENEWAL,North Northamptonshire Council / Beam Up Ltd,Required notice before end of term to prevent automatic renewal,60,days,2025 agreement,contractual,N_CONTRACT,https://www.find-tender.service.gov.uk/Notice/Attachment/A-4800,section14.1,Notice actual delivery and subsequent variation not observed; do not infer automatic renewal occurred.
N_REPRICE,North Northamptonshire Council / Beam Up Ltd,Notice before renewal price increase,90,days,2025 agreement,contractual,N_CONTRACT,https://www.find-tender.service.gov.uk/Notice/Attachment/A-4800,section9.8,No actual repricing notice obtained; not necessarily the terms of a later replacement contract.
N_DATA_REQUEST,North Northamptonshire Council / Beam Up Ltd,Window to request data backup after termination,10,days,2025 agreement,contractual,N_CONTRACT,https://www.find-tender.service.gov.uk/Notice/Attachment/A-4800,section14.3,Export requirements create a practical migration task; no quantified switching cost.
N_DATA_DELIVERY,North Northamptonshire Council / Beam Up Ltd,Reasonable-endeavours period for delivering requested backup,30,days,2025 agreement,contractual,N_CONTRACT,https://www.find-tender.service.gov.uk/Notice/Attachment/A-4800,section14.3,Subject to contractual requirements; not guaranteed platform continuity or free migration.
N_THERAPY_UPLIFT,NNC therapy service,Reported increase in assessments to which Magic Notes contributed,0.14,fraction,"Reported2026-06-23; since rollout, dates unspecified",buyer_reported,N_BOARD,https://northnorthants.moderngov.co.uk/mgAi.aspx?ID=16520,Health and Wellbeing Board HWB/52,"Indexed original minutes; not a causal estimate, matched staffing study, annual effect or all-council productivity rate."
N_TRANSFER_DAYS,North Northamptonshire Council / Beam Up Ltd,Time allowed to transfer AI record into internal system,14,days,Privacy notice2026-07-07,buyer_policy,N_PRIVACY,https://www.northnorthants.gov.uk/service-privacy-notices/adult-social-care-quality-assurance-and-safeguarding-service-team-privacy,section5,Human copying/editing remains in workflow; not observed duration of each task.
N_RETENTION_DAYS,North Northamptonshire Council / Beam Up Ltd,AI-system retention period,60,days,Privacy notice2026-07-07,buyer_policy,N_PRIVACY,https://www.northnorthants.gov.uk/service-privacy-notices/adult-social-care-quality-assurance-and-safeguarding-service-team-privacy,section5,Different from retention in the council case-management system.
N_REPORTED_PAYMENT,North Northamptonshire Council / Beam Up Ltd,Supplier-spending row reported by Govfiles,57600,GBP,2025-10-03,secondary_payment_record,N_PAYMENT,https://govfiles.co.uk/suppliers/beam-up-ltd?page=3,NNC / NASS Management Team / Professional Fees and Hired Services,Original October council CSV could not be retrieved; no invoice reference joins this record to the signed order. Not upgraded to verified payment.
N_FOLLOWON_FEE,North Northamptonshire Council / Beam Up Ltd,Reported later Talk Notes Interpret contract value excluding VAT,51000,GBP,2026-09-14/2027-02-13,secondary_award_record,N_FOLLOWON,https://tenderline.uk/tenders/beam-talk-notes-intrepret-ocds-h6vhtk-0593b0,FTS notice088675-2026; same procedureOCID0593b0,Primary notice and new signed order unavailable; broader scope and shorter term; not an unchanged-service price or confirmed payment.
N_FOLLOWON_MONTHS,North Northamptonshire Council / Beam Up Ltd,Reported later contract term,5,months,2026-09-14/2027-02-13,secondary_award_record,N_FOLLOWON,https://tenderline.uk/tenders/beam-talk-notes-intrepret-ocds-h6vhtk-0593b0,Contract dates,Cannot silently extend original agreement terms or aggregate obligations across unobserved replacement/cancellation.
N_BUDGET_EFFICIENCIES,NNC consolidated budget,Planned savings efficiencies and additional income,26.3,GBP_million,2025/26budget,buyer_budget,N_BUDGET,https://www.northnorthants.gov.uk/finance/budget,Budget highlights,Context only; not realized cash or Magic Notes attribution.
K_SUPPLIER_REDUCTION,Klarna Group plc consolidated,External marketing supplier spending reduction Q1year-on-year,7,USD_million,Q12024 versusQ12023,buyer_reported,K_20F,https://www.sec.gov/Archives/edgar/data/2003292/000200329226000007/klar-20251231.htm,Business overview / Generative AI Enhances Our Productivity,"Indexed original filing paragraph; company comparison, not an audited invoice-level causal estimate."
K_AI_ATTRIBUTION,Klarna Group plc consolidated,Share of stated external supplier decrease attributed to AI,0.37,fraction,Q12024 versusQ12023,buyer_estimate,K_20F,https://www.sec.gov/Archives/edgar/data/2003292/000200329226000007/klar-20251231.htm,Same paragraph,Issuer attribution; remaining share is not assigned a cause. Do not treat this as probability.
K_AI_YEAR_ESTIMATE,Klarna Group plc consolidated,Estimated AI-powered marketing saving,10,USD_million,2024,buyer_estimate,K_20F,https://www.sec.gov/Archives/edgar/data/2003292/000200329226000007/klar-20251231.htm,Same paragraph,Later annual estimate differs in status from the earlier annualized announcement; not added to Q1 estimate.
K_AGENCY_2022,Klarna Group plc consolidated,Marketing agency spending,33,USD_million,2022,buyer_reported,K_PROSPECTUS,https://www.sec.gov/Archives/edgar/data/2003292/000200329225000052/klarnagroupplc424b4.htm,Flexible and Low-Cost Base,Historical subset; not all marketing and not a 2026 agency run rate.
K_AGENCY_2024,Klarna Group plc consolidated,Marketing agency spending,8,USD_million,2024,buyer_reported,K_PROSPECTUS,https://www.sec.gov/Archives/edgar/data/2003292/000200329225000052/klarnagroupplc424b4.htm,Flexible and Low-Cost Base,"No complete agency, creative-production and software overlap map or invoice audit."
K_SM_2023,Klarna Group plc consolidated,Sales and marketing expense,381,USD_million,2023,reported_account,K_PROSPECTUS,https://www.sec.gov/Archives/edgar/data/2003292/000200329225000052/klarnagroupplc424b4.htm,Annual results of operations,Rounded consolidated expense; not cash paid or exclusively external agencies.
K_SM_2024,Klarna Group plc consolidated,Sales and marketing expense,328,USD_million,2024,reported_account,K_ANNUAL,https://www.sec.gov/Archives/edgar/data/2003292/000162828026038366/annualreport2025.htm,Annual report pp15/18 and72,Rounded consolidated expense; different cost perimeter from marketing production saving.
K_SM_2025,Klarna Group plc consolidated,Sales and marketing expense,414,USD_million,2025,reported_account,K_ANNUAL,https://www.sec.gov/Archives/edgar/data/2003292/000162828026038366/annualreport2025.htm,Annual report pp15/18 and72,Source separately prints87mchange; subtraction of rounded endpoints is86m. Do not claim one-million-dollar error.
K_SM_CHANGE_PRINTED,Klarna Group plc consolidated,Issuer-printed annual sales/marketing change,87,USD_million,2025 versus2024,reported_account,K_ANNUAL,https://www.sec.gov/Archives/edgar/data/2003292/000162828026038366/annualreport2025.htm,Annual report p18,Kept separate from arithmetic of rounded414and328 endpoints.
K_REFERRAL_2024,Klarna Group plc consolidated,Distribution partner referral commissions in sales and marketing,81,USD_million,2024,reported_account,K_ANNUAL,https://www.sec.gov/Archives/edgar/data/2003292/000162828026038366/annualreport2025.htm,Note2 p92,Subset of sales/marketing; do not add again to total.
K_REFERRAL_2025,Klarna Group plc consolidated,Distribution partner referral commissions in sales and marketing,109,USD_million,2025,reported_account,K_ANNUAL,https://www.sec.gov/Archives/edgar/data/2003292/000162828026038366/annualreport2025.htm,Note2 p92,"Subtract to define the remaining expense basket, not an AI-only residual."
K_TECH_2024,Klarna Group plc consolidated,Technology and product development expense,444,USD_million,2024,reported_account,K_ANNUAL,https://www.sec.gov/Archives/edgar/data/2003292/000162828026038366/annualreport2025.htm,Annual report pp15/18 and72,"Contains non-AI personnel, hosting, licensing and amortization; not an incremental marketing-AI bill."
K_TECH_2025,Klarna Group plc consolidated,Technology and product development expense,486,USD_million,2025,reported_account,K_ANNUAL,https://www.sec.gov/Archives/edgar/data/2003292/000162828026038366/annualreport2025.htm,Annual report pp15/18 and72,Do not allocate total growth to marketing or count it twice.
K_Q2_SM_2025,Klarna Group plc consolidated,Reported Q2sales and marketing expense,93,USD_million,2025-04-01/2025-06-30,reported_interim,K_Q2,https://www.sec.gov/Archives/edgar/data/2003292/000162828026057573/q22026earningsrelease.htm,Printedp17 expense reconciliation,Original indexed exhibit; rounded unaudited group figures.
K_Q2_SM_2026,Klarna Group plc consolidated,Reported Q2sales and marketing expense,128,USD_million,2026-04-01/2026-06-30,reported_interim,K_Q2,https://www.sec.gov/Archives/edgar/data/2003292/000162828026057573/q22026earningsrelease.htm,Printedp17 expense reconciliation,"Latest inspected quarter, not an AI-product cost account."
K_Q2_SBC_2025,Klarna Group plc consolidated,Share-based payments adjustment within Q2sales and marketing,10,USD_million,2025-04-01/2025-06-30,reported_interim,K_Q2,https://www.sec.gov/Archives/edgar/data/2003292/000162828026057573/q22026earningsrelease.htm,Printedp17 expense reconciliation,Already in reported expense; no second subtraction in group profit. Rounded.
K_Q2_SBC_2026,Klarna Group plc consolidated,Share-based payments adjustment within Q2sales and marketing,18,USD_million,2026-04-01/2026-06-30,reported_interim,K_Q2,https://www.sec.gov/Archives/edgar/data/2003292/000162828026057573/q22026earningsrelease.htm,Printedp17 expense reconciliation,"An expense classification, not cash paid. Rounded."
K_Q2_ADJ_SM_2025,Klarna Group plc consolidated,Issuer adjusted Q2sales and marketing expense,83,USD_million,2025-04-01/2025-06-30,issuer_adjusted,K_Q2,https://www.sec.gov/Archives/edgar/data/2003292/000162828026057573/q22026earningsrelease.htm,Printedp17 expense reconciliation,Retained only for rounding/status reconciliation; not cash.
K_Q2_ADJ_SM_2026,Klarna Group plc consolidated,Issuer adjusted Q2sales and marketing expense,111,USD_million,2026-04-01/2026-06-30,issuer_adjusted,K_Q2,https://www.sec.gov/Archives/edgar/data/2003292/000162828026057573/q22026earningsrelease.htm,Printedp17 expense reconciliation,128-18=110using displayed rounded figures; source prints111and warns of rounding.
K_Q2_OP_2025,Klarna Group plc consolidated,Reported Q2operating income or loss,-46,USD_million,2025-04-01/2025-06-30,reported_interim,K_Q2,https://www.sec.gov/Archives/edgar/data/2003292/000162828026057573/q22026earningsrelease.htm,Printedp17 operating profit reconciliation,"Group operating performance, not causal marketing AI gain."
K_Q2_OP_2026,Klarna Group plc consolidated,Reported Q2operating income or loss,27,USD_million,2026-04-01/2026-06-30,reported_interim,K_Q2,https://www.sec.gov/Archives/edgar/data/2003292/000162828026057573/q22026earningsrelease.htm,Printedp17 operating profit reconciliation,"Group operating performance, not causal marketing AI gain."
K_CYCLE_OLD,Klarna Group plc consolidated,Reported prior image-development cycle,42,calendar_days,Q12024 comparison,attributed_buyer_claim,K_WORKFLOW,https://financialit.net/news/artificial-intelligence/ai-helps-klarna-cut-marketing-agency-spend-25-and-run-more-campaigns,June4reproduction of May28issuer release,Six weeks converted to calendar days; not person-days or matched audit.
K_CYCLE_NEW,Klarna Group plc consolidated,Reported AI-assisted image-development cycle,7,calendar_days,Q12024,attributed_buyer_claim,K_WORKFLOW,https://financialit.net/news/artificial-intelligence/ai-helps-klarna-cut-marketing-agency-spend-25-and-run-more-campaigns,Same release,Includes stated brand quality and legal checks; not a labor-hour reduction.
K_IMAGE_SAVING_Q1,Klarna Group plc consolidated,Reported Q1image-production saving,1.5,USD_million,Q12024,attributed_buyer_claim,K_WORKFLOW,https://financialit.net/news/artificial-intelligence/ai-helps-klarna-cut-marketing-agency-spend-25-and-run-more-campaigns,Same release,Boundary and overlap with other claims not fully supplied; excluded from aggregate sum.
K_IMAGE_RUNRATE,Klarna Group plc consolidated,Image-production annualized saving claim,6,USD_million_per_year,Annualized from2024announcement,attributed_buyer_claim,K_WORKFLOW,https://financialit.net/news/artificial-intelligence/ai-helps-klarna-cut-marketing-agency-spend-25-and-run-more-campaigns,Same release,Not separate from Q1amount; not an independently verified annual saving.
K_AGENCY_RUNRATE,Klarna Group plc consolidated,External agency annualized saving claim,4,USD_million_per_year,Annualized from2024announcement,attributed_buyer_claim,K_WORKFLOW,https://financialit.net/news/artificial-intelligence/ai-helps-klarna-cut-marketing-agency-spend-25-and-run-more-campaigns,Same release,Claimed alongside image saving; no invoice allocation audit.
A_N_ATTRIBUTION,Research scenario,Fraction of reported uplift retained in cautious test,0.5,fraction,Prospective annual comparison,research_assumption,MODEL,https://shaduf.ai/p/is-ai-a-bubble/research/buyer-demand-and-budget-substitution/#thresholds,Buyer demand and budget substitution; explicitly conditional numerical tests,"Sensitivity, not a confidence weight or estimated causal share."
A_N_EXTRA,Research scenario,Additional annual buyer burden not already in fee,12000,GBP,Prospective annual comparison,research_assumption,MODEL,https://shaduf.ai/p/is-ai-a-bubble/research/buyer-demand-and-budget-substitution/#thresholds,Buyer demand and budget substitution; explicitly conditional numerical tests,Illustrative combined burden; no measured training/compliance/rework total; includes no double charge for vendor-included support.
A_N_BASE,Research scenario,Comparable annual no-tool resource budget,500000,GBP,Prospective annual comparison,research_assumption,MODEL,https://shaduf.ai/p/is-ai-a-bubble/research/buyer-demand-and-budget-substitution/#thresholds,Buyer demand and budget substitution; explicitly conditional numerical tests,Illustration only; no claim this is NNC therapy actual cost.
A_N_HALF_USE,Research scenario,Illustrative share of recorded-hours allowance used,0.5,fraction,Prospective annual comparison,research_assumption,MODEL,https://shaduf.ai/p/is-ai-a-bubble/research/buyer-demand-and-budget-substitution/#care,Buyer demand and budget substitution; explicitly conditional numerical tests,Not inferred from purchased allowance or the therapy result.
A_K_EXTRA_LOW,Research scenario,Unaccounted net incremental quarter cost and quality burden,2,USD_million,Conditional Q12024cost comparison,research_assumption,MODEL,https://shaduf.ai/p/is-ai-a-bubble/research/buyer-demand-and-budget-substitution/#marketing,Buyer demand and budget substitution; explicitly conditional numerical tests,Only costs not already netted in the company saving estimate; not a measured model-provider bill.
A_K_EXTRA_HIGH,Research scenario,Higher unaccounted net incremental quarter cost and quality burden,3,USD_million,Conditional Q12024cost comparison,research_assumption,MODEL,https://shaduf.ai/p/is-ai-a-bubble/research/buyer-demand-and-budget-substitution/#marketing,Buyer demand and budget substitution; explicitly conditional numerical tests,"Sensitivity, no probability; excludes already included costs."
