id,entity,metric,value,unit,period,status,source_id,source_url,locator,notes
IR_IT_MW,IREN / Microsoft Horizon 1–4,planned IT capacity,200,MW_IT,2025-11-03,company_project_plan,IREN_DECK,https://iren.gcs-web.com/static-files/a421bb34-0156-4687-be7d-19f53a5236e5,slide 5,Four planned 50-MW IT phases; not all accepted at the evidence cutoff.
IR_PHASES,IREN / Microsoft Horizon 1–4,planned phases,4,count,2025-11-03,company_project_plan,IREN_DECK,https://iren.gcs-web.com/static-files/a421bb34-0156-4687-be7d-19f53a5236e5,slide 5,Actual tranche GPU counts and detailed dates are redacted.
IR_GPU_CAPEX,IREN / Microsoft Horizon 1–4,GPU and ancillary acquisition budget,5800,USD_million,2025-11-03,company_cost_estimate,IREN_DECK,https://iren.gcs-web.com/static-files/a421bb34-0156-4687-be7d-19f53a5236e5,slide 4 footnote 1,Includes servers deployment InfiniBand cabling software/licensing; excludes facility capital. Not final as-built cost.
IR_DC_LOW,IREN / Microsoft Horizon 1–4,data-center cost low per IT MW,14,USD_million_per_MW_IT,2025-11-03,company_cost_estimate,IREN_DECK,https://iren.gcs-web.com/static-files/a421bb34-0156-4687-be7d-19f53a5236e5,slide 5,Original total facility estimate; not in addition to its listed subcomponents.
IR_DC_HIGH,IREN / Microsoft Horizon 1–4,data-center cost high per IT MW,16,USD_million_per_MW_IT,2025-11-03,company_cost_estimate,IREN_DECK,https://iren.gcs-web.com/static-files/a421bb34-0156-4687-be7d-19f53a5236e5,slide 5,Same cost perimeter as low estimate; excludes GPU bundle.
IR_DC_CORE_LOW,IREN / Microsoft Horizon 1–4,core infrastructure low,9,USD_million_per_MW_IT,2025-11-03,company_cost_estimate,IREN_DECK,https://iren.gcs-web.com/static-files/a421bb34-0156-4687-be7d-19f53a5236e5,slide 5,Component already inside the 14–16 total; do not add again.
IR_DC_CORE_HIGH,IREN / Microsoft Horizon 1–4,core infrastructure high,11,USD_million_per_MW_IT,2025-11-03,company_cost_estimate,IREN_DECK,https://iren.gcs-web.com/static-files/a421bb34-0156-4687-be7d-19f53a5236e5,slide 5,Component already inside the 14–16 total.
IR_DC_FLEX,IREN / Microsoft Horizon 1–4,density and supercluster enhancement,3,USD_million_per_MW_IT,2025-11-03,company_cost_estimate,IREN_DECK,https://iren.gcs-web.com/static-files/a421bb34-0156-4687-be7d-19f53a5236e5,slide 5,Included in 14–16; not an additional allowance.
IR_DC_ACCEL,IREN / Microsoft Horizon 1–4,accelerated delivery cost,2,USD_million_per_MW_IT,2025-11-03,company_cost_estimate,IREN_DECK,https://iren.gcs-web.com/static-files/a421bb34-0156-4687-be7d-19f53a5236e5,slide 5,Included in 14–16; not a residual-value estimate.
IR_TRANCHE_VALUE,IREN / Microsoft Horizon 1–4,aggregate tranche fees,9664.199424,USD_million,2025-11-02,executed_contract,IREN_SOW,https://www.sec.gov/Archives/edgar/data/1878848/000187884826000015/exhibit103-partnerstatem.htm,Table 1,Model uses this smaller total; not recognized revenue or collected cash.
IR_TCV_CEILING,IREN / Microsoft Horizon 1–4,overall service fee ceiling,9666.8453376,USD_million,2025-11-02,executed_contract,IREN_SOW,https://www.sec.gov/Archives/edgar/data/1878848/000187884826000015/exhibit103-partnerstatem.htm,section 3.2,Difference from tranche total is unallocated and unreconciled; not extra modeled revenue.
IR_FIRST_CREDIT_MONTH,IREN / Microsoft Horizon 1–4,first advance-credit month,25,service_month,2025-11-02,executed_contract,IREN_SOW,https://www.sec.gov/Archives/edgar/data/1878848/000187884826000015/exhibit103-partnerstatem.htm,section 3.2(a)(iii),After 24 months; model spreads credit across 36 equal months.
IR_PREPAY,IREN / Microsoft Horizon 1–4,aggregate upfront payment,1932.8398848,USD_million,2025-11-02,contractual_obligation_not_receipt,IREN_SOW,https://www.sec.gov/Archives/edgar/data/1878848/000187884826000015/exhibit103-partnerstatem.htm,Table 1; section 3.2(a)(iii),"20% of tranche fees; credited later. Modeled receipt at start is an assumption, not a verified payment date."
IR_MTH_EARLY,IREN / Microsoft Horizon 1–4,illustrated monthly payment first 24 months,161.1802368,USD_million,2025-11-02,contract_illustration,IREN_SOW,https://www.sec.gov/Archives/edgar/data/1878848/000187884826000015/exhibit103-partnerstatem.htm,Table 1,Contract illustration uses calendar hours; not used as actual deposits or the normalized model schedule.
IR_MTH_LATE,IREN / Microsoft Horizon 1–4,illustrated monthly payment after month 24,107.19983811,USD_million,2025-11-02,contract_illustration,IREN_SOW,https://www.sec.gov/Archives/edgar/data/1878848/000187884826000015/exhibit103-partnerstatem.htm,Table 1,Actual billing depends on accepted GPUs and calendar hours; not a fixed observed schedule.
IR_AVG_YEARS,IREN / Microsoft Horizon 1–4,average service term,5,years,2025-11-03,company_contract_summary,IREN_DECK,https://iren.gcs-web.com/static-files/a421bb34-0156-4687-be7d-19f53a5236e5,slide 4,Individual starts differ; synchronized five-year service equivalent is not a calendar forecast.
IR_PROJECT_MARGIN,IREN / Microsoft Horizon 1–4,estimated project EBITDA margin,0.85,ratio,2025-11-03,company_margin_estimate,IREN_DECK,https://iren.gcs-web.com/static-files/a421bb34-0156-4687-be7d-19f53a5236e5,slide 4 footnote 3,Includes power routine repairs maintenance and direct site costs; excludes other owner costs and capital recovery. Not complete cash margin.
IR_H1_ACCEPTED,IREN / Microsoft Horizon 1–4,Horizon 1 accepted phase count,1,count,2026-08,company_reported_subsequent_event,IREN_K,https://www.sec.gov/Archives/edgar/data/1878848/000187884826000052/iren-20260630.htm,Risk Factors; MD&A,August acceptance after equipment-related delays; not measured GPU load or collected fees.
IR_DDTL_LIMIT,IREN / Microsoft Horizon 1–4,term-loan commitment,1545,USD_million,2026-05-29,committed_conditional_draw,IREN_K,https://www.sec.gov/Archives/edgar/data/1878848/000187884826000052/iren-20260630.htm,Note 23,"IE US Hardware 3 LLC; facility ceiling, not drawn cash."
IR_NOTES_LIMIT,IREN / Microsoft Horizon 1–4,note financing commitment,2100,USD_million,2026-05-29,committed_conditional_funding,IREN_K,https://www.sec.gov/Archives/edgar/data/1878848/000187884826000052/iren-20260630.htm,Note 23,Separate notes; escrow release has conditions.
IR_DDTL_DRAW,IREN / Microsoft Horizon 1–4,loan funded at June balance date,413,USD_million,2026-06-30,reported_actual,IREN_K,https://www.sec.gov/Archives/edgar/data/1878848/000187884826000052/iren-20260630.htm,Note 23,"Not all committed financing, and not a September cash roll-forward."
IR_NOTES_ISSUED,IREN / Microsoft Horizon 1–4,notes issued at June balance date,525,USD_million,2026-06-30,reported_actual,IREN_K,https://www.sec.gov/Archives/edgar/data/1878848/000187884826000052/iren-20260630.htm,Note 23,Issued amount does not establish unrestricted availability; escrow conditions apply.
IR_NOTES_RATE,IREN / Microsoft Horizon 1–4,notes cash coupon,0.0596,annual_rate,2026-05-29,executed_contract,IREN_NOTES,https://www.sec.gov/Archives/edgar/data/1878848/000187884826000052/a1036notepurchaseagreeme.htm,sections 1 and 8.1,"Applies to fixed notes, not every financing dollar."
IR_DDTL_SPREAD,IREN / Microsoft Horizon 1–4,loan spread above one-month Term SOFR,0.0225,annual_rate,2026-05-29,executed_contract,IREN_CREDIT,https://www.sec.gov/Archives/edgar/data/1878848/000187884826000052/a1035creditagreement.htm,interest provisions,Base rate hedges and fees separate.
IR_FINANCE_RATE,IREN / Microsoft Horizon 1–4,weighted GPU financing rate excluding fees,0.06,annual_rate,2026-08-27,company_claim,IREN_FY,https://iren.gcs-web.com/static-files/1cb9f4da-d4c7-4510-8bda-e475022b59f5,page 1; note 5,Rounded company claim; constant 6% carrying-cost illustrations are not actual cash-interest forecasts.
IR_AI_FY_REV,IREN group,AI Cloud Services fiscal-year revenue,128.8,USD_million,2025-07-01/2026-06-30,reported_actual,IREN_FY,https://iren.gcs-web.com/static-files/1cb9f4da-d4c7-4510-8bda-e475022b59f5,financial results,Broader platform recognized revenue; not matched Microsoft cohort cash.
IR_AI_Q4_REV,IREN group,AI Cloud Services June-quarter revenue,70.5,USD_million,2026-04-01/2026-06-30,reported_actual,IREN_FY,https://iren.gcs-web.com/static-files/1cb9f4da-d4c7-4510-8bda-e475022b59f5,financial results,Fiscal fourth quarter; not calendar Q4 or the entire mature Microsoft cohort.
IR_OPERATING_ARR,IREN group,operating annualized run-rate revenue,1000,USD_million_per_year,2026-08-26,company_operating_metric,IREN_FY,https://iren.gcs-web.com/static-files/1cb9f4da-d4c7-4510-8bda-e475022b59f5,note 2 page 5,Annualizes commissioned contracted capacity; not annual cash or recognized revenue.
IR_NEW_ARR_PER_MW,IREN newer contracts,three-year annualized revenue rate lower marker,20,USD_million_per_MW_IT_year,2026-08-27,company_claim_greater_than,IREN_FY,https://iren.gcs-web.com/static-files/1cb9f4da-d4c7-4510-8bda-e475022b59f5,page 1,"Company claims greater than this rate for newer different contracts. Future-cycle model uses 20 as a scale, not a price forecast."
IR_HPC_LIFE,IREN group,HPC hardware accounting life,5,years,2026-06-30,reported_accounting_policy,IREN_K,https://www.sec.gov/Archives/edgar/data/1878848/000187884826000052/iren-20260630.htm,accounting policy,Not a competitive-life guarantee or compulsory retirement date.
IR_BUILD_LIFE,IREN group,building accounting life,20,years,2026-06-30,reported_accounting_policy,IREN_K,https://www.sec.gov/Archives/edgar/data/1878848/000187884826000052/iren-20260630.htm,accounting policy,Not evidence of 20 years of paid demand or terminal sale value.
IR_WARRANT_VALUE,IREN group,NVIDIA investment-right grant-date value,793.4,USD_million,2026-05-07,reported_non_cash_valuation,IREN_K,https://www.sec.gov/Archives/edgar/data/1878848/000187884826000052/iren-20260630.htm,Note 24,"No Horizon allocation established. Omitted from cash model, not economically free; distinct from NVIDIA–SB Energy forward."
CW_ACTIVE,CoreWeave group,active power,1500,MW_operator_defined,2026-06-30,company_operating_metric,CW_RESULTS,https://investors.coreweave.com/news/news-details/2026/CoreWeave-Reports-Strong-Second-Quarter-2026-Results/default.aspx,Q2 highlights,"Not IT-only capacity, paid utilization or useful compute."
CW_CONTRACTED,CoreWeave group,contracted power,3700,MW_operator_defined,2026-06-30,company_commitment_metric,CW_RESULTS,https://investors.coreweave.com/news/news-details/2026/CoreWeave-Reports-Strong-Second-Quarter-2026-Results/default.aspx,Q2 highlights,Includes future pipeline; active/contracted is not fleet utilization.
CW_CIP,CoreWeave group,construction in progress,11918,USD_million,2026-06-30,reported_actual,CW_Q,https://d18rn0p25nwr6d.cloudfront.net/CIK-0001769628/9f708637-612f-4da7-bef2-4a4b667f9d64.pdf,property/equipment note,"Group composition, not a stranded-asset measure."
CW_GROSS_PPE,CoreWeave group,gross property and equipment,52622,USD_million,2026-06-30,reported_actual,CW_Q,https://d18rn0p25nwr6d.cloudfront.net/CIK-0001769628/9f708637-612f-4da7-bef2-4a4b667f9d64.pdf,property/equipment note,"Mixed assets and vintages, not one initial cohort."
CW_TECH,CoreWeave group,gross technology equipment,33823,USD_million,2026-06-30,reported_actual,CW_Q,https://d18rn0p25nwr6d.cloudfront.net/CIK-0001769628/9f708637-612f-4da7-bef2-4a4b667f9d64.pdf,property/equipment note,Not a DDTL 4.0-specific physical inventory.
CW_H1_CASH_CAPEX,CoreWeave group,cash property/equipment purchases,14117,USD_million,2026-01-01/2026-06-30,reported_actual,CW_Q,https://d18rn0p25nwr6d.cloudfront.net/CIK-0001769628/9f708637-612f-4da7-bef2-4a4b667f9d64.pdf,cash-flow statement,Earlier hypothetical model scale; not the new physical cohort cost.
CW_SHORT_RATE,CoreWeave newly contracted capacity,annualized revenue per MW,40,USD_million_per_MW_year,2026-Q3 through 2026-09-17,company_claim_approximately,CW_PRICES,https://investors.coreweave.com/news/news-details/2026/CoreWeave-Continues-to-Contract-New-Compute-Capacity-at-Higher-Prices/default.aspx,Issuer release 17 September,"Three-to-six-month contracts; power required by clusters, not matched IT MW or a five-year realized yield."
CW_DDTL4_LIMIT,CoreWeave Compute Acquisition Co. VIII LLC,DDTL 4.0 facility,8500,USD_million,2026-04-03,rating_description_of_commitment,CW_DBRS,https://dbrs.morningstar.com/research/478180/morningstar-dbrs-assigns-credit-rating-of-a-low-with-a-stable-trend-to-coreweave-compute-acquisition-co-viii-llc,rating rationale,Meta-backed repayment structure; not drawn cash or equity capital.
CW_DDTL4_UPTIME,CoreWeave DDTL 4.0 analysis,historical GPU uptime lower marker,0.99,ratio,2026-04-03,rating_report_history_greater_than,CW_DBRS,https://dbrs.morningstar.com/research/478180/morningstar-dbrs-assigns-credit-rating-of-a-low-with-a-stable-trend-to-coreweave-compute-acquisition-co-viii-llc,operating risks,Reported history above 99%; not current workload utilization or compliance.
CW_DDTL4_COVER,CoreWeave DDTL 4.0 analysis,projected average coverage,1.2,ratio,2026-04-03,rating_projection,CW_DBRS,https://dbrs.morningstar.com/research/478180/morningstar-dbrs-assigns-credit-rating-of-a-low-with-a-stable-trend-to-coreweave-compute-acquisition-co-viii-llc,financial outlook,Uses private-model assumptions; not observed compliance or investor return.
CS_BILL_MW,Core Scientific,billing capacity,437,MW_billing,2026-07 mid-month,company_operating_metric,CORZ_Q,https://investors.corescientific.com/news-events/press-releases/detail/139/core-scientific-announces-second-quarter-2026-results,recent developments,Portfolio billing milestone; not IREN-equivalent IT load or GPU occupancy.
CS_ARR,Core Scientific,average annualized GAAP colocation revenue,635,USD_million_per_year,2026-07 mid-month,company_annualized_metric,CORZ_Q,https://investors.corescientific.com/news-events/press-releases/detail/139/core-scientific-announces-second-quarter-2026-results,recent developments,Not net rent or a Childress valuation comparable.
CS_Q_REV,Core Scientific colocation,quarter colocation revenue,136.669,USD_million,2026-04-01/2026-06-30,reported_actual,CORZ_Q,https://investors.corescientific.com/news-events/press-releases/detail/139/core-scientific-announces-second-quarter-2026-results,segment results,Includes matching power pass-through.
CS_POWER,Core Scientific colocation,matching power pass-through,35.073,USD_million,2026-04-01/2026-06-30,reported_actual,CORZ_Q,https://investors.corescientific.com/news-events/press-releases/detail/139/core-scientific-announces-second-quarter-2026-results,segment results,Equal revenue and expense; zero incremental gross profit.
CS_GP,Core Scientific colocation,colocation gross profit,79.983,USD_million,2026-04-01/2026-06-30,reported_actual,CORZ_Q,https://investors.corescientific.com/news-events/press-releases/detail/139/core-scientific-announces-second-quarter-2026-results,segment results,Not owner cash flow; GPU economics belong to another participant.
LM_GPU,Meta Llama 3 training,training cluster GPU count,16384,H100_count,2024 study,author_reported_measurement,LLAMA,https://arxiv.org/html/2407.21783v3,section 3.3; Table 4,"Historical training configuration, not 2026 fleet occupancy."
LM_MFU,Meta Llama 3 training,model-FLOP utilization,0.41,ratio,2024 study,author_reported_measurement,LLAMA,https://arxiv.org/html/2407.21783v3,section 3.3; Table 4,"16K-GPU 8K-context configuration; not paid occupancy, uptime or electrical load."
LM_TRAINING_UPTIME,Meta Llama 3 training,effective training time lower marker,0.9,ratio,2024 study,author_reported_greater_than,LLAMA,https://arxiv.org/html/2407.21783v3,section 3.3.4,Greater than 90%; not evidence remaining capacity was commercially unsold.
IEA_2025,Global data centers,electricity consumption estimate,485,TWh_per_year,2025,IEA_estimate,IEA,https://www.iea.org/reports/key-questions-on-energy-and-ai/executive-summary,executive summary,"All global data centers, not US frontier AI alone."
IEA_2030,Global data centers,central electricity projection,950,TWh_per_year,2030,IEA_projection,IEA,https://www.iea.org/reports/key-questions-on-energy-and-ai/executive-summary,executive summary,Not an observed outcome or energized site capacity.
A_RATE,Conditional recovery model,all-capital required return,0.1,annual_rate,normalized model; not calendar forecast,research_assumption,RESEARCH,/p/is-ai-a-bubble/research/physical-capacity-and-investment-recovery/#model,Model and sensitivity sections,Not an estimated issuer cost of capital.
A_RATE_LOW,Conditional recovery model,lower hurdle,0.08,annual_rate,normalized model; not calendar forecast,research_assumption,RESEARCH,/p/is-ai-a-bubble/research/physical-capacity-and-investment-recovery/#model,Model and sensitivity sections,"Sensitivity, not a financing quote."
A_RATE_HIGH,Conditional recovery model,higher hurdle,0.12,annual_rate,normalized model; not calendar forecast,research_assumption,RESEARCH,/p/is-ai-a-bubble/research/physical-capacity-and-investment-recovery/#model,Model and sensitivity sections,"Sensitivity, not a financing quote."
A_EXTRA_COST,Conditional recovery model,additional cash-cost allowance,0.05,share_of_original_revenue,normalized model; not calendar forecast,research_assumption,RESEARCH,/p/is-ai-a-bubble/research/physical-capacity-and-investment-recovery/#model,Model and sensitivity sections,Costs beyond the project measure; not measured taxes or overhead. Ordinary power/maintenance already in the base.
A_EXTRA_HIGH,Conditional recovery model,larger additional cost allowance,0.1,share_of_original_revenue,normalized model; not calendar forecast,research_assumption,RESEARCH,/p/is-ai-a-bubble/research/physical-capacity-and-investment-recovery/#model,Model and sensitivity sections,Alternative to 5 points; not added to it.
A_DELAY_6,Conditional recovery model,service delay,6,months,normalized model; not calendar forecast,research_assumption,RESEARCH,/p/is-ai-a-bubble/research/physical-capacity-and-investment-recovery/#model,Model and sensitivity sections,Shift all 60 service months and costs; capital and advance remain at zero unless explicitly varied.
A_DELAY_12,Conditional recovery model,longer service delay,12,months,normalized model; not calendar forecast,research_assumption,RESEARCH,/p/is-ai-a-bubble/research/physical-capacity-and-investment-recovery/#model,Model and sensitivity sections,Preserves the service term; does not assume fees vanish at a rigid calendar end date.
A_RESIDUAL,Conditional recovery model,net residual sensitivity,3000,USD_million,normalized model; not calendar forecast,research_assumption,RESEARCH,/p/is-ai-a-bubble/research/physical-capacity-and-investment-recovery/#model,Model and sensitivity sections,Disposal or equivalent continued-operation value before debt allocation; not both for the same assets.
A_LOW_RESIDUAL,Conditional recovery model,adverse net residual,1500,USD_million,normalized model; not calendar forecast,research_assumption,RESEARCH,/p/is-ai-a-bubble/research/physical-capacity-and-investment-recovery/#model,Model and sensitivity sections,"Assumption, not an appraisal or sale bid."
A_DC_OVERRUN,Conditional recovery model,facility cost overrun,0.2,ratio,normalized model; not calendar forecast,research_assumption,RESEARCH,/p/is-ai-a-bubble/research/physical-capacity-and-investment-recovery/#model,Model and sensitivity sections,"Applied only to the midpoint facility budget, not all project capital."
A_FEE_LOSS,Conditional recovery model,realized fee shortfall,0.1,ratio,normalized model; not calendar forecast,research_assumption,RESEARCH,/p/is-ai-a-bubble/research/physical-capacity-and-investment-recovery/#model,Model and sensitivity sections,Credits/nonperformance scenario; not automatic spot repricing of a fixed contract.
A_PUE,Conditional recovery model,facility/IT energy ratio,1.2,ratio,normalized model; not calendar forecast,research_assumption,RESEARCH,/p/is-ai-a-bubble/research/physical-capacity-and-investment-recovery/#model,Model and sensitivity sections,"Assumed PUE, not measured IREN operating efficiency."
A_PUE_LOW,Conditional recovery model,lower PUE,1.15,ratio,normalized model; not calendar forecast,research_assumption,RESEARCH,/p/is-ai-a-bubble/research/physical-capacity-and-investment-recovery/#model,Model and sensitivity sections,Sensitivity only.
A_PUE_HIGH,Conditional recovery model,higher PUE,1.35,ratio,normalized model; not calendar forecast,research_assumption,RESEARCH,/p/is-ai-a-bubble/research/physical-capacity-and-investment-recovery/#model,Model and sensitivity sections,Sensitivity only.
A_LOAD,Conditional recovery model,electrical load factor,0.9,ratio,normalized model; not calendar forecast,research_assumption,RESEARCH,/p/is-ai-a-bubble/research/physical-capacity-and-investment-recovery/#model,Model and sensitivity sections,"Electrical load, not paid occupancy or model-FLOP utilization."
A_LOAD_LOW,Conditional recovery model,lower electrical load,0.8,ratio,normalized model; not calendar forecast,research_assumption,RESEARCH,/p/is-ai-a-bubble/research/physical-capacity-and-investment-recovery/#model,Model and sensitivity sections,Sensitivity only.
A_LOAD_HIGH,Conditional recovery model,higher electrical load,1.0,ratio,normalized model; not calendar forecast,research_assumption,RESEARCH,/p/is-ai-a-bubble/research/physical-capacity-and-investment-recovery/#model,Model and sensitivity sections,Sensitivity only.
A_POWER_DELTA,Conditional recovery model,unhedged energy-price increment,0.01,USD_per_kWh,normalized model; not calendar forecast,research_assumption,RESEARCH,/p/is-ai-a-bubble/research/physical-capacity-and-investment-recovery/#model,Model and sensitivity sections,Only an increment; baseline power is already included in operating costs.
A_REPLACE,Conditional recovery model,second-cycle equipment capital,5800,USD_million,normalized model; not calendar forecast,research_assumption,RESEARCH,/p/is-ai-a-bubble/research/physical-capacity-and-investment-recovery/#model,Model and sensitivity sections,Same nominal equipment budget; not a future quote.
A_RETROFIT,Conditional recovery model,second-cycle facility retrofit,200,USD_million,normalized model; not calendar forecast,research_assumption,RESEARCH,/p/is-ai-a-bubble/research/physical-capacity-and-investment-recovery/#model,Model and sensitivity sections,"Assumption, not a commitment."
A_TAIL_YEARS,Conditional recovery model,second operating cycle,5,years,normalized model; not calendar forecast,research_assumption,RESEARCH,/p/is-ai-a-bubble/research/physical-capacity-and-investment-recovery/#model,Model and sensitivity sections,Would require new equipment and contracts; not part of the first agreement.
A_TAIL_VARIABLE,Conditional recovery model,annual variable cost at full second-cycle use,1000,USD_million_per_year,normalized model; not calendar forecast,research_assumption,RESEARCH,/p/is-ai-a-bubble/research/physical-capacity-and-investment-recovery/#model,Model and sensitivity sections,"Assumed to scale with served/billed volume, not price."
A_TAIL_FIXED,Conditional recovery model,annual fixed second-cycle cash cost,200,USD_million_per_year,normalized model; not calendar forecast,research_assumption,RESEARCH,/p/is-ai-a-bubble/research/physical-capacity-and-investment-recovery/#model,Model and sensitivity sections,Cash allowance; financing excluded from all-capital model.
A_TAIL_U_GOOD,Conditional recovery model,favorable second-cycle paid utilization,0.9,ratio,normalized model; not calendar forecast,research_assumption,RESEARCH,/p/is-ai-a-bubble/research/physical-capacity-and-investment-recovery/#model,Model and sensitivity sections,Future merchant/recontracted use; not current fixed-contract utilization.
A_TAIL_U_WEAK,Conditional recovery model,adverse second-cycle paid utilization,0.65,ratio,normalized model; not calendar forecast,research_assumption,RESEARCH,/p/is-ai-a-bubble/research/physical-capacity-and-investment-recovery/#model,Model and sensitivity sections,"Assumption, not observed occupancy."
A_TAIL_P_WEAK,Conditional recovery model,adverse second-cycle price factor,0.8,ratio,normalized model; not calendar forecast,research_assumption,RESEARCH,/p/is-ai-a-bubble/research/physical-capacity-and-investment-recovery/#model,Model and sensitivity sections,"New-cycle price scenario, not current Microsoft contract repricing."
A_BUILD_TAIL,Conditional recovery model,facility-only rental horizon,15,years,normalized model; not calendar forecast,research_assumption,RESEARCH,/p/is-ai-a-bubble/research/physical-capacity-and-investment-recovery/#model,Model and sensitivity sections,"Finite hypothetical tail, not inferred automatically from accounting life."
A_EARLY_REFRESH_MONTH,Conditional recovery model,premature major renewal date,36,service_month,normalized model; not calendar forecast,research_assumption,RESEARCH,/p/is-ai-a-bubble/research/physical-capacity-and-investment-recovery/#model,Model and sensitivity sections,"Stress, not a contract requirement or failure forecast."
A_EARLY_REFRESH_COST,Conditional recovery model,premature major renewal capital,2900,USD_million,normalized model; not calendar forecast,research_assumption,RESEARCH,/p/is-ai-a-bubble/research/physical-capacity-and-investment-recovery/#model,Model and sensitivity sections,Half original equipment budget; distinct from routine repairs already in costs.
IR_DDTL_EIR,IREN Microsoft financing SPV,June effective accounting loan rate,0.0712,annual_rate,2026-06-30,reported_effective_accounting_rate,IREN_K,https://www.sec.gov/Archives/edgar/data/1878848/000187884826000052/iren-20260630.htm,Note 23 debt table,Not a contractual cash coupon or August weighted rate excluding fees.
IR_NOTES_EIR,IREN Microsoft financing SPV,June effective accounting note rate,0.0705,annual_rate,2026-06-30,reported_effective_accounting_rate,IREN_K,https://www.sec.gov/Archives/edgar/data/1878848/000187884826000052/iren-20260630.htm,Note 23 debt table,Not the notes cash coupon; not imported into cash-interest forecasts.
