id,entity,metric,period_start,period_end,value,unit,status,source_id,source_url,locator,notes
F_Q226_revenue,Freshworks Inc. consolidated,revenue,2026-04-01,2026-06-30,237.377,USD_million,reported_actual,FQ,https://www.sec.gov/Archives/edgar/data/1544522/000154452226000137/frsh-20260630.htm,"Statements of operations, printed pp.5, 35–36","All products, not AI-only."
F_Q226_cost_revenue,Freshworks Inc. consolidated,cost_revenue,2026-04-01,2026-06-30,36.096,USD_million,reported_actual,FQ,https://www.sec.gov/Archives/edgar/data/1544522/000154452226000137/frsh-20260630.htm,"Statements of operations, printed pp.5, 35–36","All products, not AI-only."
F_Q226_gross_profit,Freshworks Inc. consolidated,gross_profit,2026-04-01,2026-06-30,201.281,USD_million,reported_actual,FQ,https://www.sec.gov/Archives/edgar/data/1544522/000154452226000137/frsh-20260630.htm,"Statements of operations, printed pp.5, 35–36","All products, not AI-only."
F_Q226_research_development,Freshworks Inc. consolidated,research_development,2026-04-01,2026-06-30,43.815,USD_million,reported_actual,FQ,https://www.sec.gov/Archives/edgar/data/1544522/000154452226000137/frsh-20260630.htm,"Statements of operations, printed pp.5, 35–36","All products, not AI-only."
F_Q226_sales_marketing,Freshworks Inc. consolidated,sales_marketing,2026-04-01,2026-06-30,106.45,USD_million,reported_actual,FQ,https://www.sec.gov/Archives/edgar/data/1544522/000154452226000137/frsh-20260630.htm,"Statements of operations, printed pp.5, 35–36","All products, not AI-only."
F_Q226_general_admin,Freshworks Inc. consolidated,general_admin,2026-04-01,2026-06-30,37.924,USD_million,reported_actual,FQ,https://www.sec.gov/Archives/edgar/data/1544522/000154452226000137/frsh-20260630.htm,"Statements of operations, printed pp.5, 35–36","All products, not AI-only."
F_Q226_restructuring,Freshworks Inc. consolidated,restructuring,2026-04-01,2026-06-30,7.032,USD_million,reported_actual,FQ,https://www.sec.gov/Archives/edgar/data/1544522/000154452226000137/frsh-20260630.htm,"Statements of operations, printed pp.5, 35–36","All products, not AI-only."
F_Q226_operating_expenses,Freshworks Inc. consolidated,operating_expenses,2026-04-01,2026-06-30,195.221,USD_million,reported_actual,FQ,https://www.sec.gov/Archives/edgar/data/1544522/000154452226000137/frsh-20260630.htm,"Statements of operations, printed pp.5, 35–36","All products, not AI-only."
F_Q226_operating_income,Freshworks Inc. consolidated,operating_income,2026-04-01,2026-06-30,6.06,USD_million,reported_actual,FQ,https://www.sec.gov/Archives/edgar/data/1544522/000154452226000137/frsh-20260630.htm,"Statements of operations, printed pp.5, 35–36","All products, not AI-only."
F_Q226_interest_other,Freshworks Inc. consolidated,interest_other,2026-04-01,2026-06-30,4.204,USD_million,reported_actual,FQ,https://www.sec.gov/Archives/edgar/data/1544522/000154452226000137/frsh-20260630.htm,"Statements of operations, printed pp.5, 35–36","All products, not AI-only."
F_Q226_income_tax,Freshworks Inc. consolidated,income_tax,2026-04-01,2026-06-30,7.025,USD_million,reported_actual,FQ,https://www.sec.gov/Archives/edgar/data/1544522/000154452226000137/frsh-20260630.htm,"Statements of operations, printed pp.5, 35–36","All products, not AI-only."
F_Q226_net_income,Freshworks Inc. consolidated,net_income,2026-04-01,2026-06-30,3.239,USD_million,reported_actual,FQ,https://www.sec.gov/Archives/edgar/data/1544522/000154452226000137/frsh-20260630.htm,"Statements of operations, printed pp.5, 35–36","All products, not AI-only."
F_Q226_sbc_expense,Freshworks Inc. consolidated,sbc_expense,2026-04-01,2026-06-30,37.848,USD_million,reported_actual,FQ,https://www.sec.gov/Archives/edgar/data/1544522/000154452226000137/frsh-20260630.htm,Statements of operations pp.5 and 35-36; SBC footnote,All products; not Freddy-only. SBC expense differs from cash-flow adjustment by USD0.001m in 2026.
F_Q225_revenue,Freshworks Inc. consolidated,revenue,2025-04-01,2025-06-30,204.678,USD_million,reported_actual,FQ,https://www.sec.gov/Archives/edgar/data/1544522/000154452226000137/frsh-20260630.htm,"Statements of operations, printed pp.5, 35–36","All products, not AI-only."
F_Q225_cost_revenue,Freshworks Inc. consolidated,cost_revenue,2025-04-01,2025-06-30,31.142,USD_million,reported_actual,FQ,https://www.sec.gov/Archives/edgar/data/1544522/000154452226000137/frsh-20260630.htm,"Statements of operations, printed pp.5, 35–36","All products, not AI-only."
F_Q225_gross_profit,Freshworks Inc. consolidated,gross_profit,2025-04-01,2025-06-30,173.536,USD_million,reported_actual,FQ,https://www.sec.gov/Archives/edgar/data/1544522/000154452226000137/frsh-20260630.htm,"Statements of operations, printed pp.5, 35–36","All products, not AI-only."
F_Q225_research_development,Freshworks Inc. consolidated,research_development,2025-04-01,2025-06-30,39.943,USD_million,reported_actual,FQ,https://www.sec.gov/Archives/edgar/data/1544522/000154452226000137/frsh-20260630.htm,"Statements of operations, printed pp.5, 35–36","All products, not AI-only."
F_Q225_sales_marketing,Freshworks Inc. consolidated,sales_marketing,2025-04-01,2025-06-30,95.223,USD_million,reported_actual,FQ,https://www.sec.gov/Archives/edgar/data/1544522/000154452226000137/frsh-20260630.htm,"Statements of operations, printed pp.5, 35–36","All products, not AI-only."
F_Q225_general_admin,Freshworks Inc. consolidated,general_admin,2025-04-01,2025-06-30,47.026,USD_million,reported_actual,FQ,https://www.sec.gov/Archives/edgar/data/1544522/000154452226000137/frsh-20260630.htm,"Statements of operations, printed pp.5, 35–36","All products, not AI-only."
F_Q225_restructuring,Freshworks Inc. consolidated,restructuring,2025-04-01,2025-06-30,0,USD_million,reported_actual,FQ,https://www.sec.gov/Archives/edgar/data/1544522/000154452226000137/frsh-20260630.htm,"Statements of operations, printed pp.5, 35–36","All products, not AI-only."
F_Q225_operating_expenses,Freshworks Inc. consolidated,operating_expenses,2025-04-01,2025-06-30,182.192,USD_million,reported_actual,FQ,https://www.sec.gov/Archives/edgar/data/1544522/000154452226000137/frsh-20260630.htm,"Statements of operations, printed pp.5, 35–36","All products, not AI-only."
F_Q225_operating_income,Freshworks Inc. consolidated,operating_income,2025-04-01,2025-06-30,-8.656,USD_million,reported_actual,FQ,https://www.sec.gov/Archives/edgar/data/1544522/000154452226000137/frsh-20260630.htm,"Statements of operations, printed pp.5, 35–36","All products, not AI-only."
F_Q225_interest_other,Freshworks Inc. consolidated,interest_other,2025-04-01,2025-06-30,12.547,USD_million,reported_actual,FQ,https://www.sec.gov/Archives/edgar/data/1544522/000154452226000137/frsh-20260630.htm,"Statements of operations, printed pp.5, 35–36","All products, not AI-only."
F_Q225_income_tax,Freshworks Inc. consolidated,income_tax,2025-04-01,2025-06-30,5.63,USD_million,reported_actual,FQ,https://www.sec.gov/Archives/edgar/data/1544522/000154452226000137/frsh-20260630.htm,"Statements of operations, printed pp.5, 35–36","All products, not AI-only."
F_Q225_net_income,Freshworks Inc. consolidated,net_income,2025-04-01,2025-06-30,-1.739,USD_million,reported_actual,FQ,https://www.sec.gov/Archives/edgar/data/1544522/000154452226000137/frsh-20260630.htm,"Statements of operations, printed pp.5, 35–36","All products, not AI-only."
F_Q225_sbc_expense,Freshworks Inc. consolidated,sbc_expense,2025-04-01,2025-06-30,49.28,USD_million,reported_actual,FQ,https://www.sec.gov/Archives/edgar/data/1544522/000154452226000137/frsh-20260630.htm,Statements of operations pp.5 and 35-36; SBC footnote,All products; not Freddy-only. SBC expense differs from cash-flow adjustment by USD0.001m in 2026.
F_H126_revenue,Freshworks Inc. consolidated,revenue,2026-01-01,2026-06-30,466.01,USD_million,reported_actual,FQ,https://www.sec.gov/Archives/edgar/data/1544522/000154452226000137/frsh-20260630.htm,"Statements of operations, printed pp.5, 35–36","All products, not AI-only."
F_H126_cost_revenue,Freshworks Inc. consolidated,cost_revenue,2026-01-01,2026-06-30,70.784,USD_million,reported_actual,FQ,https://www.sec.gov/Archives/edgar/data/1544522/000154452226000137/frsh-20260630.htm,"Statements of operations, printed pp.5, 35–36","All products, not AI-only."
F_H126_gross_profit,Freshworks Inc. consolidated,gross_profit,2026-01-01,2026-06-30,395.226,USD_million,reported_actual,FQ,https://www.sec.gov/Archives/edgar/data/1544522/000154452226000137/frsh-20260630.htm,"Statements of operations, printed pp.5, 35–36","All products, not AI-only."
F_H126_research_development,Freshworks Inc. consolidated,research_development,2026-01-01,2026-06-30,93.076,USD_million,reported_actual,FQ,https://www.sec.gov/Archives/edgar/data/1544522/000154452226000137/frsh-20260630.htm,"Statements of operations, printed pp.5, 35–36","All products, not AI-only."
F_H126_sales_marketing,Freshworks Inc. consolidated,sales_marketing,2026-01-01,2026-06-30,218.767,USD_million,reported_actual,FQ,https://www.sec.gov/Archives/edgar/data/1544522/000154452226000137/frsh-20260630.htm,"Statements of operations, printed pp.5, 35–36","All products, not AI-only."
F_H126_general_admin,Freshworks Inc. consolidated,general_admin,2026-01-01,2026-06-30,78.351,USD_million,reported_actual,FQ,https://www.sec.gov/Archives/edgar/data/1544522/000154452226000137/frsh-20260630.htm,"Statements of operations, printed pp.5, 35–36","All products, not AI-only."
F_H126_restructuring,Freshworks Inc. consolidated,restructuring,2026-01-01,2026-06-30,7.032,USD_million,reported_actual,FQ,https://www.sec.gov/Archives/edgar/data/1544522/000154452226000137/frsh-20260630.htm,"Statements of operations, printed pp.5, 35–36","All products, not AI-only."
F_H126_operating_expenses,Freshworks Inc. consolidated,operating_expenses,2026-01-01,2026-06-30,397.226,USD_million,reported_actual,FQ,https://www.sec.gov/Archives/edgar/data/1544522/000154452226000137/frsh-20260630.htm,"Statements of operations, printed pp.5, 35–36","All products, not AI-only."
F_H126_operating_income,Freshworks Inc. consolidated,operating_income,2026-01-01,2026-06-30,-2.0,USD_million,reported_actual,FQ,https://www.sec.gov/Archives/edgar/data/1544522/000154452226000137/frsh-20260630.htm,"Statements of operations, printed pp.5, 35–36","All products, not AI-only."
F_H126_interest_other,Freshworks Inc. consolidated,interest_other,2026-01-01,2026-06-30,5.63,USD_million,reported_actual,FQ,https://www.sec.gov/Archives/edgar/data/1544522/000154452226000137/frsh-20260630.htm,"Statements of operations, printed pp.5, 35–36","All products, not AI-only."
F_H126_income_tax,Freshworks Inc. consolidated,income_tax,2026-01-01,2026-06-30,5.201,USD_million,reported_actual,FQ,https://www.sec.gov/Archives/edgar/data/1544522/000154452226000137/frsh-20260630.htm,"Statements of operations, printed pp.5, 35–36","All products, not AI-only."
F_H126_net_income,Freshworks Inc. consolidated,net_income,2026-01-01,2026-06-30,-1.571,USD_million,reported_actual,FQ,https://www.sec.gov/Archives/edgar/data/1544522/000154452226000137/frsh-20260630.htm,"Statements of operations, printed pp.5, 35–36","All products, not AI-only."
F_H126_sbc_expense,Freshworks Inc. consolidated,sbc_expense,2026-01-01,2026-06-30,81.769,USD_million,reported_actual,FQ,https://www.sec.gov/Archives/edgar/data/1544522/000154452226000137/frsh-20260630.htm,Statements of operations pp.5 and 35-36; SBC footnote,All products; not Freddy-only. SBC expense differs from cash-flow adjustment by USD0.001m in 2026.
F_H125_revenue,Freshworks Inc. consolidated,revenue,2025-01-01,2025-06-30,400.951,USD_million,reported_actual,FQ,https://www.sec.gov/Archives/edgar/data/1544522/000154452226000137/frsh-20260630.htm,"Statements of operations, printed pp.5, 35–36","All products, not AI-only."
F_H125_cost_revenue,Freshworks Inc. consolidated,cost_revenue,2025-01-01,2025-06-30,61.02,USD_million,reported_actual,FQ,https://www.sec.gov/Archives/edgar/data/1544522/000154452226000137/frsh-20260630.htm,"Statements of operations, printed pp.5, 35–36","All products, not AI-only."
F_H125_gross_profit,Freshworks Inc. consolidated,gross_profit,2025-01-01,2025-06-30,339.931,USD_million,reported_actual,FQ,https://www.sec.gov/Archives/edgar/data/1544522/000154452226000137/frsh-20260630.htm,"Statements of operations, printed pp.5, 35–36","All products, not AI-only."
F_H125_research_development,Freshworks Inc. consolidated,research_development,2025-01-01,2025-06-30,79.944,USD_million,reported_actual,FQ,https://www.sec.gov/Archives/edgar/data/1544522/000154452226000137/frsh-20260630.htm,"Statements of operations, printed pp.5, 35–36","All products, not AI-only."
F_H125_sales_marketing,Freshworks Inc. consolidated,sales_marketing,2025-01-01,2025-06-30,184.381,USD_million,reported_actual,FQ,https://www.sec.gov/Archives/edgar/data/1544522/000154452226000137/frsh-20260630.htm,"Statements of operations, printed pp.5, 35–36","All products, not AI-only."
F_H125_general_admin,Freshworks Inc. consolidated,general_admin,2025-01-01,2025-06-30,94.273,USD_million,reported_actual,FQ,https://www.sec.gov/Archives/edgar/data/1544522/000154452226000137/frsh-20260630.htm,"Statements of operations, printed pp.5, 35–36","All products, not AI-only."
F_H125_restructuring,Freshworks Inc. consolidated,restructuring,2025-01-01,2025-06-30,0.405,USD_million,reported_actual,FQ,https://www.sec.gov/Archives/edgar/data/1544522/000154452226000137/frsh-20260630.htm,"Statements of operations, printed pp.5, 35–36","All products, not AI-only."
F_H125_operating_expenses,Freshworks Inc. consolidated,operating_expenses,2025-01-01,2025-06-30,359.003,USD_million,reported_actual,FQ,https://www.sec.gov/Archives/edgar/data/1544522/000154452226000137/frsh-20260630.htm,"Statements of operations, printed pp.5, 35–36","All products, not AI-only."
F_H125_operating_income,Freshworks Inc. consolidated,operating_income,2025-01-01,2025-06-30,-19.072,USD_million,reported_actual,FQ,https://www.sec.gov/Archives/edgar/data/1544522/000154452226000137/frsh-20260630.htm,"Statements of operations, printed pp.5, 35–36","All products, not AI-only."
F_H125_interest_other,Freshworks Inc. consolidated,interest_other,2025-01-01,2025-06-30,25.516,USD_million,reported_actual,FQ,https://www.sec.gov/Archives/edgar/data/1544522/000154452226000137/frsh-20260630.htm,"Statements of operations, printed pp.5, 35–36","All products, not AI-only."
F_H125_income_tax,Freshworks Inc. consolidated,income_tax,2025-01-01,2025-06-30,9.487,USD_million,reported_actual,FQ,https://www.sec.gov/Archives/edgar/data/1544522/000154452226000137/frsh-20260630.htm,"Statements of operations, printed pp.5, 35–36","All products, not AI-only."
F_H125_net_income,Freshworks Inc. consolidated,net_income,2025-01-01,2025-06-30,-3.043,USD_million,reported_actual,FQ,https://www.sec.gov/Archives/edgar/data/1544522/000154452226000137/frsh-20260630.htm,"Statements of operations, printed pp.5, 35–36","All products, not AI-only."
F_H125_sbc_expense,Freshworks Inc. consolidated,sbc_expense,2025-01-01,2025-06-30,100.944,USD_million,reported_actual,FQ,https://www.sec.gov/Archives/edgar/data/1544522/000154452226000137/frsh-20260630.htm,Statements of operations pp.5 and 35-36; SBC footnote,All products; not Freddy-only. SBC expense differs from cash-flow adjustment by USD0.001m in 2026.
F_Q226_ocf,Freshworks Inc. consolidated,ocf,2026-04-01,2026-06-30,58.523,USD_million,reported_actual,FREL,https://ir.freshworks.com/news/news-details/2026/Freshworks-Reports-Record-Second-Quarter-2026-Results/default.aspx,Cash-flow statement and adjusted FCF reconciliation,Raw cash residual is OCF minus cash PPE and capitalized software. Cost addbacks are not cash retained.
F_Q226_cash_ppe,Freshworks Inc. consolidated,cash_ppe,2026-04-01,2026-06-30,5.041,USD_million,reported_actual,FREL,https://ir.freshworks.com/news/news-details/2026/Freshworks-Reports-Record-Second-Quarter-2026-Results/default.aspx,Cash-flow statement and adjusted FCF reconciliation,Raw cash residual is OCF minus cash PPE and capitalized software. Cost addbacks are not cash retained.
F_Q226_cash_software,Freshworks Inc. consolidated,cash_software,2026-04-01,2026-06-30,1.471,USD_million,reported_actual,FREL,https://ir.freshworks.com/news/news-details/2026/Freshworks-Reports-Record-Second-Quarter-2026-Results/default.aspx,Cash-flow statement and adjusted FCF reconciliation,Raw cash residual is OCF minus cash PPE and capitalized software. Cost addbacks are not cash retained.
F_Q226_adjustment_costs_paid,Freshworks Inc. consolidated,adjustment_costs_paid,2026-04-01,2026-06-30,5.648,USD_million,reported_actual,FREL,https://ir.freshworks.com/news/news-details/2026/Freshworks-Reports-Record-Second-Quarter-2026-Results/default.aspx,Cash-flow statement and adjusted FCF reconciliation,Raw cash residual is OCF minus cash PPE and capitalized software. Cost addbacks are not cash retained.
F_Q226_adjusted_fcf,Freshworks Inc. consolidated,adjusted_fcf,2026-04-01,2026-06-30,57.659,USD_million,reported_actual,FREL,https://ir.freshworks.com/news/news-details/2026/Freshworks-Reports-Record-Second-Quarter-2026-Results/default.aspx,Cash-flow statement and adjusted FCF reconciliation,Raw cash residual is OCF minus cash PPE and capitalized software. Cost addbacks are not cash retained.
F_Q225_ocf,Freshworks Inc. consolidated,ocf,2025-04-01,2025-06-30,58.591,USD_million,reported_actual,FREL,https://ir.freshworks.com/news/news-details/2026/Freshworks-Reports-Record-Second-Quarter-2026-Results/default.aspx,Cash-flow statement and adjusted FCF reconciliation,Raw cash residual is OCF minus cash PPE and capitalized software. Cost addbacks are not cash retained.
F_Q225_cash_ppe,Freshworks Inc. consolidated,cash_ppe,2025-04-01,2025-06-30,0.38,USD_million,reported_actual,FREL,https://ir.freshworks.com/news/news-details/2026/Freshworks-Reports-Record-Second-Quarter-2026-Results/default.aspx,Cash-flow statement and adjusted FCF reconciliation,Raw cash residual is OCF minus cash PPE and capitalized software. Cost addbacks are not cash retained.
F_Q225_cash_software,Freshworks Inc. consolidated,cash_software,2025-04-01,2025-06-30,4.676,USD_million,reported_actual,FREL,https://ir.freshworks.com/news/news-details/2026/Freshworks-Reports-Record-Second-Quarter-2026-Results/default.aspx,Cash-flow statement and adjusted FCF reconciliation,Raw cash residual is OCF minus cash PPE and capitalized software. Cost addbacks are not cash retained.
F_Q225_adjustment_costs_paid,Freshworks Inc. consolidated,adjustment_costs_paid,2025-04-01,2025-06-30,0.728,USD_million,reported_actual,FREL,https://ir.freshworks.com/news/news-details/2026/Freshworks-Reports-Record-Second-Quarter-2026-Results/default.aspx,Cash-flow statement and adjusted FCF reconciliation,Raw cash residual is OCF minus cash PPE and capitalized software. Cost addbacks are not cash retained.
F_Q225_adjusted_fcf,Freshworks Inc. consolidated,adjusted_fcf,2025-04-01,2025-06-30,54.263,USD_million,reported_actual,FREL,https://ir.freshworks.com/news/news-details/2026/Freshworks-Reports-Record-Second-Quarter-2026-Results/default.aspx,Cash-flow statement and adjusted FCF reconciliation,Raw cash residual is OCF minus cash PPE and capitalized software. Cost addbacks are not cash retained.
F_H126_ocf,Freshworks Inc. consolidated,ocf,2026-01-01,2026-06-30,120.912,USD_million,reported_actual,FREL,https://ir.freshworks.com/news/news-details/2026/Freshworks-Reports-Record-Second-Quarter-2026-Results/default.aspx,Cash-flow statement and adjusted FCF reconciliation,Raw cash residual is OCF minus cash PPE and capitalized software. Cost addbacks are not cash retained.
F_H126_cash_ppe,Freshworks Inc. consolidated,cash_ppe,2026-01-01,2026-06-30,8.942,USD_million,reported_actual,FREL,https://ir.freshworks.com/news/news-details/2026/Freshworks-Reports-Record-Second-Quarter-2026-Results/default.aspx,Cash-flow statement and adjusted FCF reconciliation,Raw cash residual is OCF minus cash PPE and capitalized software. Cost addbacks are not cash retained.
F_H126_cash_software,Freshworks Inc. consolidated,cash_software,2026-01-01,2026-06-30,4.85,USD_million,reported_actual,FREL,https://ir.freshworks.com/news/news-details/2026/Freshworks-Reports-Record-Second-Quarter-2026-Results/default.aspx,Cash-flow statement and adjusted FCF reconciliation,Raw cash residual is OCF minus cash PPE and capitalized software. Cost addbacks are not cash retained.
F_H126_adjustment_costs_paid,Freshworks Inc. consolidated,adjustment_costs_paid,2026-01-01,2026-06-30,6.367,USD_million,reported_actual,FREL,https://ir.freshworks.com/news/news-details/2026/Freshworks-Reports-Record-Second-Quarter-2026-Results/default.aspx,Cash-flow statement and adjusted FCF reconciliation,Raw cash residual is OCF minus cash PPE and capitalized software. Cost addbacks are not cash retained.
F_H126_adjusted_fcf,Freshworks Inc. consolidated,adjusted_fcf,2026-01-01,2026-06-30,113.487,USD_million,reported_actual,FREL,https://ir.freshworks.com/news/news-details/2026/Freshworks-Reports-Record-Second-Quarter-2026-Results/default.aspx,Cash-flow statement and adjusted FCF reconciliation,Raw cash residual is OCF minus cash PPE and capitalized software. Cost addbacks are not cash retained.
F_H125_ocf,Freshworks Inc. consolidated,ocf,2025-01-01,2025-06-30,116.564,USD_million,reported_actual,FREL,https://ir.freshworks.com/news/news-details/2026/Freshworks-Reports-Record-Second-Quarter-2026-Results/default.aspx,Cash-flow statement and adjusted FCF reconciliation,Raw cash residual is OCF minus cash PPE and capitalized software. Cost addbacks are not cash retained.
F_H125_cash_ppe,Freshworks Inc. consolidated,cash_ppe,2025-01-01,2025-06-30,1.676,USD_million,reported_actual,FREL,https://ir.freshworks.com/news/news-details/2026/Freshworks-Reports-Record-Second-Quarter-2026-Results/default.aspx,Cash-flow statement and adjusted FCF reconciliation,Raw cash residual is OCF minus cash PPE and capitalized software. Cost addbacks are not cash retained.
F_H125_cash_software,Freshworks Inc. consolidated,cash_software,2025-01-01,2025-06-30,7.448,USD_million,reported_actual,FREL,https://ir.freshworks.com/news/news-details/2026/Freshworks-Reports-Record-Second-Quarter-2026-Results/default.aspx,Cash-flow statement and adjusted FCF reconciliation,Raw cash residual is OCF minus cash PPE and capitalized software. Cost addbacks are not cash retained.
F_H125_adjustment_costs_paid,Freshworks Inc. consolidated,adjustment_costs_paid,2025-01-01,2025-06-30,2.221,USD_million,reported_actual,FREL,https://ir.freshworks.com/news/news-details/2026/Freshworks-Reports-Record-Second-Quarter-2026-Results/default.aspx,Cash-flow statement and adjusted FCF reconciliation,Raw cash residual is OCF minus cash PPE and capitalized software. Cost addbacks are not cash retained.
F_H125_adjusted_fcf,Freshworks Inc. consolidated,adjusted_fcf,2025-01-01,2025-06-30,109.661,USD_million,reported_actual,FREL,https://ir.freshworks.com/news/news-details/2026/Freshworks-Reports-Record-Second-Quarter-2026-Results/default.aspx,Cash-flow statement and adjusted FCF reconciliation,Raw cash residual is OCF minus cash PPE and capitalized software. Cost addbacks are not cash retained.
F_H126_da,Freshworks Inc. consolidated,da,2026-01-01,2026-06-30,16.126,USD_million,reported_actual,FQ,https://www.sec.gov/Archives/edgar/data/1544522/000154452226000137/frsh-20260630.htm,Cash-flow statement p.9,Signed CFO reconciliation component. Component working-capital sum in H1 2026 is negative despite positive sign in MD&A p.43.
F_H126_contract_amort,Freshworks Inc. consolidated,contract_amort,2026-01-01,2026-06-30,17.533,USD_million,reported_actual,FQ,https://www.sec.gov/Archives/edgar/data/1544522/000154452226000137/frsh-20260630.htm,Cash-flow statement p.9,Signed CFO reconciliation component. Component working-capital sum in H1 2026 is negative despite positive sign in MD&A p.43.
F_H126_noncash_lease,Freshworks Inc. consolidated,noncash_lease,2026-01-01,2026-06-30,5.608,USD_million,reported_actual,FQ,https://www.sec.gov/Archives/edgar/data/1544522/000154452226000137/frsh-20260630.htm,Cash-flow statement p.9,Signed CFO reconciliation component. Component working-capital sum in H1 2026 is negative despite positive sign in MD&A p.43.
F_H126_sbc_cf,Freshworks Inc. consolidated,sbc_cf,2026-01-01,2026-06-30,81.77,USD_million,reported_actual,FQ,https://www.sec.gov/Archives/edgar/data/1544522/000154452226000137/frsh-20260630.htm,Cash-flow statement p.9,Signed CFO reconciliation component. Component working-capital sum in H1 2026 is negative despite positive sign in MD&A p.43.
F_H126_discount_amort,Freshworks Inc. consolidated,discount_amort,2026-01-01,2026-06-30,-1.244,USD_million,reported_actual,FQ,https://www.sec.gov/Archives/edgar/data/1544522/000154452226000137/frsh-20260630.htm,Cash-flow statement p.9,Signed CFO reconciliation component. Component working-capital sum in H1 2026 is negative despite positive sign in MD&A p.43.
F_H126_deferred_tax,Freshworks Inc. consolidated,deferred_tax,2026-01-01,2026-06-30,-2.641,USD_million,reported_actual,FQ,https://www.sec.gov/Archives/edgar/data/1544522/000154452226000137/frsh-20260630.htm,Cash-flow statement p.9,Signed CFO reconciliation component. Component working-capital sum in H1 2026 is negative despite positive sign in MD&A p.43.
F_H126_other_noncash,Freshworks Inc. consolidated,other_noncash,2026-01-01,2026-06-30,9.39,USD_million,reported_actual,FQ,https://www.sec.gov/Archives/edgar/data/1544522/000154452226000137/frsh-20260630.htm,Cash-flow statement p.9,Signed CFO reconciliation component. Component working-capital sum in H1 2026 is negative despite positive sign in MD&A p.43.
F_H126_ar_change,Freshworks Inc. consolidated,ar_change,2026-01-01,2026-06-30,14.577,USD_million,reported_actual,FQ,https://www.sec.gov/Archives/edgar/data/1544522/000154452226000137/frsh-20260630.htm,Cash-flow statement p.9,Signed CFO reconciliation component. Component working-capital sum in H1 2026 is negative despite positive sign in MD&A p.43.
F_H126_capitalized_contract_cost,Freshworks Inc. consolidated,capitalized_contract_cost,2026-01-01,2026-06-30,-21.29,USD_million,reported_actual,FQ,https://www.sec.gov/Archives/edgar/data/1544522/000154452226000137/frsh-20260630.htm,Cash-flow statement p.9,Signed CFO reconciliation component. Component working-capital sum in H1 2026 is negative despite positive sign in MD&A p.43.
F_H126_prepaid_change,Freshworks Inc. consolidated,prepaid_change,2026-01-01,2026-06-30,-10.269,USD_million,reported_actual,FQ,https://www.sec.gov/Archives/edgar/data/1544522/000154452226000137/frsh-20260630.htm,Cash-flow statement p.9,Signed CFO reconciliation component. Component working-capital sum in H1 2026 is negative despite positive sign in MD&A p.43.
F_H126_ap_change,Freshworks Inc. consolidated,ap_change,2026-01-01,2026-06-30,15.568,USD_million,reported_actual,FQ,https://www.sec.gov/Archives/edgar/data/1544522/000154452226000137/frsh-20260630.htm,Cash-flow statement p.9,Signed CFO reconciliation component. Component working-capital sum in H1 2026 is negative despite positive sign in MD&A p.43.
F_H126_accrued_change,Freshworks Inc. consolidated,accrued_change,2026-01-01,2026-06-30,-5.749,USD_million,reported_actual,FQ,https://www.sec.gov/Archives/edgar/data/1544522/000154452226000137/frsh-20260630.htm,Cash-flow statement p.9,Signed CFO reconciliation component. Component working-capital sum in H1 2026 is negative despite positive sign in MD&A p.43.
F_H126_deferred_rev_change,Freshworks Inc. consolidated,deferred_rev_change,2026-01-01,2026-06-30,9.456,USD_million,reported_actual,FQ,https://www.sec.gov/Archives/edgar/data/1544522/000154452226000137/frsh-20260630.htm,Cash-flow statement p.9,Signed CFO reconciliation component. Component working-capital sum in H1 2026 is negative despite positive sign in MD&A p.43.
F_H126_lease_liab_change,Freshworks Inc. consolidated,lease_liab_change,2026-01-01,2026-06-30,-6.352,USD_million,reported_actual,FQ,https://www.sec.gov/Archives/edgar/data/1544522/000154452226000137/frsh-20260630.htm,Cash-flow statement p.9,Signed CFO reconciliation component. Component working-capital sum in H1 2026 is negative despite positive sign in MD&A p.43.
F_H125_da,Freshworks Inc. consolidated,da,2025-01-01,2025-06-30,12.641,USD_million,reported_actual,FQ,https://www.sec.gov/Archives/edgar/data/1544522/000154452226000137/frsh-20260630.htm,Cash-flow statement p.9,Signed CFO reconciliation component. Component working-capital sum in H1 2026 is negative despite positive sign in MD&A p.43.
F_H125_contract_amort,Freshworks Inc. consolidated,contract_amort,2025-01-01,2025-06-30,15.431,USD_million,reported_actual,FQ,https://www.sec.gov/Archives/edgar/data/1544522/000154452226000137/frsh-20260630.htm,Cash-flow statement p.9,Signed CFO reconciliation component. Component working-capital sum in H1 2026 is negative despite positive sign in MD&A p.43.
F_H125_noncash_lease,Freshworks Inc. consolidated,noncash_lease,2025-01-01,2025-06-30,4.623,USD_million,reported_actual,FQ,https://www.sec.gov/Archives/edgar/data/1544522/000154452226000137/frsh-20260630.htm,Cash-flow statement p.9,Signed CFO reconciliation component. Component working-capital sum in H1 2026 is negative despite positive sign in MD&A p.43.
F_H125_sbc_cf,Freshworks Inc. consolidated,sbc_cf,2025-01-01,2025-06-30,100.944,USD_million,reported_actual,FQ,https://www.sec.gov/Archives/edgar/data/1544522/000154452226000137/frsh-20260630.htm,Cash-flow statement p.9,Signed CFO reconciliation component. Component working-capital sum in H1 2026 is negative despite positive sign in MD&A p.43.
F_H125_discount_amort,Freshworks Inc. consolidated,discount_amort,2025-01-01,2025-06-30,-3.694,USD_million,reported_actual,FQ,https://www.sec.gov/Archives/edgar/data/1544522/000154452226000137/frsh-20260630.htm,Cash-flow statement p.9,Signed CFO reconciliation component. Component working-capital sum in H1 2026 is negative despite positive sign in MD&A p.43.
F_H125_deferred_tax,Freshworks Inc. consolidated,deferred_tax,2025-01-01,2025-06-30,-0.459,USD_million,reported_actual,FQ,https://www.sec.gov/Archives/edgar/data/1544522/000154452226000137/frsh-20260630.htm,Cash-flow statement p.9,Signed CFO reconciliation component. Component working-capital sum in H1 2026 is negative despite positive sign in MD&A p.43.
F_H125_other_noncash,Freshworks Inc. consolidated,other_noncash,2025-01-01,2025-06-30,0.47,USD_million,reported_actual,FQ,https://www.sec.gov/Archives/edgar/data/1544522/000154452226000137/frsh-20260630.htm,Cash-flow statement p.9,Signed CFO reconciliation component. Component working-capital sum in H1 2026 is negative despite positive sign in MD&A p.43.
F_H125_ar_change,Freshworks Inc. consolidated,ar_change,2025-01-01,2025-06-30,6.981,USD_million,reported_actual,FQ,https://www.sec.gov/Archives/edgar/data/1544522/000154452226000137/frsh-20260630.htm,Cash-flow statement p.9,Signed CFO reconciliation component. Component working-capital sum in H1 2026 is negative despite positive sign in MD&A p.43.
F_H125_capitalized_contract_cost,Freshworks Inc. consolidated,capitalized_contract_cost,2025-01-01,2025-06-30,-18.758,USD_million,reported_actual,FQ,https://www.sec.gov/Archives/edgar/data/1544522/000154452226000137/frsh-20260630.htm,Cash-flow statement p.9,Signed CFO reconciliation component. Component working-capital sum in H1 2026 is negative despite positive sign in MD&A p.43.
F_H125_prepaid_change,Freshworks Inc. consolidated,prepaid_change,2025-01-01,2025-06-30,-22.689,USD_million,reported_actual,FQ,https://www.sec.gov/Archives/edgar/data/1544522/000154452226000137/frsh-20260630.htm,Cash-flow statement p.9,Signed CFO reconciliation component. Component working-capital sum in H1 2026 is negative despite positive sign in MD&A p.43.
F_H125_ap_change,Freshworks Inc. consolidated,ap_change,2025-01-01,2025-06-30,3.28,USD_million,reported_actual,FQ,https://www.sec.gov/Archives/edgar/data/1544522/000154452226000137/frsh-20260630.htm,Cash-flow statement p.9,Signed CFO reconciliation component. Component working-capital sum in H1 2026 is negative despite positive sign in MD&A p.43.
F_H125_accrued_change,Freshworks Inc. consolidated,accrued_change,2025-01-01,2025-06-30,7.813,USD_million,reported_actual,FQ,https://www.sec.gov/Archives/edgar/data/1544522/000154452226000137/frsh-20260630.htm,Cash-flow statement p.9,Signed CFO reconciliation component. Component working-capital sum in H1 2026 is negative despite positive sign in MD&A p.43.
F_H125_deferred_rev_change,Freshworks Inc. consolidated,deferred_rev_change,2025-01-01,2025-06-30,15.439,USD_million,reported_actual,FQ,https://www.sec.gov/Archives/edgar/data/1544522/000154452226000137/frsh-20260630.htm,Cash-flow statement p.9,Signed CFO reconciliation component. Component working-capital sum in H1 2026 is negative despite positive sign in MD&A p.43.
F_H125_lease_liab_change,Freshworks Inc. consolidated,lease_liab_change,2025-01-01,2025-06-30,-2.415,USD_million,reported_actual,FQ,https://www.sec.gov/Archives/edgar/data/1544522/000154452226000137/frsh-20260630.htm,Cash-flow statement p.9,Signed CFO reconciliation component. Component working-capital sum in H1 2026 is negative despite positive sign in MD&A p.43.
F_existing_growth_Q2,Freshworks Inc. consolidated,existing_growth_Q2,2026-04-01,2026-06-30,16,USD_million,reported_actual,FQ,https://www.sec.gov/Archives/edgar/data/1544522/000154452226000137/frsh-20260630.htm,"MD&A p.37, revenue","Approximate revenue increase from customers present June30 2025, net contraction/churn; not AI-only or cash."
F_new_growth_Q2,Freshworks Inc. consolidated,new_growth_Q2,2026-04-01,2026-06-30,16.7,USD_million,reported_actual,FQ,https://www.sec.gov/Archives/edgar/data/1544522/000154452226000137/frsh-20260630.htm,"MD&A p.37, revenue",Approximate contribution from new customers in prior twelve months; rounded components need not sum exactly.
F_existing_growth_H1,Freshworks Inc. consolidated,existing_growth_H1,2026-01-01,2026-06-30,34.8,USD_million,reported_actual,FQ,https://www.sec.gov/Archives/edgar/data/1544522/000154452226000137/frsh-20260630.htm,"MD&A p.39, revenue",Rounded existing-customer growth allocation; not a matched invoice ledger.
F_new_growth_H1,Freshworks Inc. consolidated,new_growth_H1,2026-01-01,2026-06-30,30.3,USD_million,reported_actual,FQ,https://www.sec.gov/Archives/edgar/data/1544522/000154452226000137/frsh-20260630.htm,"MD&A p.39, revenue",Rounded new-customer growth allocation.
F_hosting_growth_Q2,Freshworks Inc. consolidated,hosting_growth_Q2,2026-04-01,2026-06-30,4.6,USD_million,reported_actual,FQ,https://www.sec.gov/Archives/edgar/data/1544522/000154452226000137/frsh-20260630.htm,"MD&A p.37, cost of revenue","Rounded increase; not total hosting or AI inference cost, nor an AWS-only payment."
F_hosting_software_growth_H1,Freshworks Inc. consolidated,hosting_software_growth_H1,2026-01-01,2026-06-30,6.0,USD_million,reported_actual,FQ,https://www.sec.gov/Archives/edgar/data/1544522/000154452226000137/frsh-20260630.htm,"MD&A p.39, cost of revenue",Hosting and third-party cloud software increase; not model-only cost.
F_sbc_former_chair_Q225,Freshworks Inc. consolidated,sbc_former_chair_Q225,2025-04-01,2025-06-30,10.4,USD_million,reported_actual,FQ,https://www.sec.gov/Archives/edgar/data/1544522/000154452226000137/frsh-20260630.htm,MD&A SBC footnote p.36,"Prior expense primarily former Executive Chairman awards, not a new AI cost estimate."
F_commitments,Freshworks Inc. consolidated,commitments,,2026-06-30,199.6,USD_million,reported_commitment,FQ,https://www.sec.gov/Archives/edgar/data/1544522/000154452226000137/frsh-20260630.htm,"Note8, noncancelable purchase commitments","Mix of hosting, software and event sponsorship through2029. Do not add to expenses already modeled."
F_deferred_current,Freshworks Inc. consolidated,deferred_current,,2026-06-30,400.469,USD_million,reported_actual,FQ,https://www.sec.gov/Archives/edgar/data/1544522/000154452226000137/frsh-20260630.htm,Balance sheet; Note9 revenue,Billed/deferred balance is not same-period customer cash or recurring margin.
F_opening_deferred_recognized_H1,Freshworks Inc. consolidated,opening_deferred_recognized_H1,2026-01-01,2026-06-30,280.2,USD_million,reported_actual,FQ,https://www.sec.gov/Archives/edgar/data/1544522/000154452226000137/frsh-20260630.htm,Note9 revenue,Revenue recognized from opening deferred revenue; not a second collection.
F_rpo_12mo,Freshworks Inc. consolidated,rpo_12mo,2026-07-01,2027-06-30,493.3,USD_million,company_estimate,FQ,https://www.sec.gov/Archives/edgar/data/1544522/000154452226000137/frsh-20260630.htm,Note9 remaining performance obligations,"Management timing estimate from remaining performance obligations, not actual cash."
F_cash_start,Freshworks Inc. consolidated,cash_start,,2025-12-31,632.25,USD_million,reported_actual,FQ,https://www.sec.gov/Archives/edgar/data/1544522/000154452226000137/frsh-20260630.htm,Cash-flow statement p.9,Includes restricted cash.
F_cash_end,Freshworks Inc. consolidated,cash_end,,2026-06-30,495.819,USD_million,reported_actual,FQ,https://www.sec.gov/Archives/edgar/data/1544522/000154452226000137/frsh-20260630.htm,Cash-flow statement p.9,Includes restricted cash.
F_investing_cf,Freshworks Inc. consolidated,investing_cf,2026-01-01,2026-06-30,-27.626,USD_million,reported_actual,FQ,https://www.sec.gov/Archives/edgar/data/1544522/000154452226000137/frsh-20260630.htm,Cash-flow statement p.9,"Net investment cash, not capital purchases alone."
F_financing_cf,Freshworks Inc. consolidated,financing_cf,2026-01-01,2026-06-30,-221.334,USD_million,reported_actual,FQ,https://www.sec.gov/Archives/edgar/data/1544522/000154452226000137/frsh-20260630.htm,Cash-flow statement p.9,"Negative financing cash includes repurchases, not operating losses."
F_fx_cash,Freshworks Inc. consolidated,fx_cash,2026-01-01,2026-06-30,-8.383,USD_million,reported_actual,FQ,https://www.sec.gov/Archives/edgar/data/1544522/000154452226000137/frsh-20260630.htm,Cash-flow statement p.9,"FX reconciliation, not a customer receipt."
F_cash_repurchase,Freshworks Inc. consolidated,cash_repurchase,2026-01-01,2026-06-30,207.411,USD_million,reported_actual,FQ,https://www.sec.gov/Archives/edgar/data/1544522/000154452226000137/frsh-20260630.htm,Cash-flow statement p.9,"Cash repurchases, distinct from settlement-date program disclosure."
F_cash_acquisition,Freshworks Inc. consolidated,cash_acquisition,2026-01-01,2026-06-30,56.913,USD_million,reported_actual,FQ,https://www.sec.gov/Archives/edgar/data/1544522/000154452226000137/frsh-20260630.htm,Cash-flow statement p.9,Business combination net cash outlay; not ongoing serving cost.
F_cash_award_tax,Freshworks Inc. consolidated,cash_award_tax,2026-01-01,2026-06-30,16.986,USD_million,reported_actual,FQ,https://www.sec.gov/Archives/edgar/data/1544522/000154452226000137/frsh-20260630.htm,Cash-flow statement p.9,Financing cash withholding for equity awards; not deducted again from GAAP compensation.
F_interest_income_H1,Freshworks Inc. consolidated,interest_income_H1,2026-01-01,2026-06-30,13.255,USD_million,reported_actual,FQ,https://www.sec.gov/Archives/edgar/data/1544522/000154452226000137/frsh-20260630.htm,Note13 interest and other income,"Interest earned on resources, not customer sales; distinct from total interest and other income."
F_NDR_Jun26,Freshworks Inc. consolidated,NDR_Jun26,,2026-06-30,1.04,fraction,reported_actual,FQ,https://www.sec.gov/Archives/edgar/data/1544522/000154452226000137/frsh-20260630.htm,Key metrics / definitions; call pp.12-13; FY25 cash statement,"Reported ARR-based retention, same prior-year customer set; includes acquisitions and FX."
F_NDR_Jun25,Freshworks Inc. consolidated,NDR_Jun25,,2025-06-30,1.06,fraction,reported_actual,FQ,https://www.sec.gov/Archives/edgar/data/1544522/000154452226000137/frsh-20260630.htm,Key metrics / definitions; call pp.12-13; FY25 cash statement,"As reported comparison, not cash renewal."
F_NDR_CC_Jun26,Freshworks Inc. consolidated,NDR_CC_Jun26,,2026-06-30,1.05,fraction,reported_actual,FREL,https://ir.freshworks.com/news/news-details/2026/Freshworks-Reports-Record-Second-Quarter-2026-Results/default.aspx,Key metrics / definitions; call pp.12-13; FY25 cash statement,Constant-currency ARR retention; not AI product retention.
F_NDR_CC_Jun25,Freshworks Inc. consolidated,NDR_CC_Jun25,,2025-06-30,1.04,fraction,reported_actual,FREL,https://ir.freshworks.com/news/news-details/2026/Freshworks-Reports-Record-Second-Quarter-2026-Results/default.aspx,Key metrics / definitions; call pp.12-13; FY25 cash statement,Constant-currency prior-year comparison.
F_NDR_Dec25,Freshworks Inc. consolidated,NDR_Dec25,,2025-12-31,1.08,fraction,reported_actual,FY25,https://ir.freshworks.com/news/news-details/2026/Freshworks-Reports-Fourth-Quarter-and-Full-Year-2025-Results/default.aspx,Key metrics / definitions; call pp.12-13; FY25 cash statement,"Different rolling cohort/date, not same customers tracked to June."
F_NDR_CC_Dec25,Freshworks Inc. consolidated,NDR_CC_Dec25,,2025-12-31,1.04,fraction,reported_actual,FY25,https://ir.freshworks.com/news/news-details/2026/Freshworks-Reports-Fourth-Quarter-and-Full-Year-2025-Results/default.aspx,Key metrics / definitions; call pp.12-13; FY25 cash statement,Currency-adjusted December measure.
F_monthly_arr_share,Freshworks Inc. consolidated,monthly_arr_share,,2026-06-30,0.12,fraction,reported_actual,FQ,https://www.sec.gov/Archives/edgar/data/1544522/000154452226000137/frsh-20260630.htm,Key metrics / definitions; call pp.12-13; FY25 cash statement,Monthly run rates annualized; not guaranteed next-twelve-month receipts.
F_Freddy_ARR_lower,Freddy AI,Freddy_ARR_lower,,2025-12-31,25,USD_million_per_year,company_claim,FY25,https://ir.freshworks.com/news/news-details/2026/Freshworks-Reports-Fourth-Quarter-and-Full-Year-2025-Results/default.aspx,Key metrics / definitions; call pp.12-13; FY25 cash statement,Freddy exceeded this ARR threshold; NOT exact revenue or cash.
F_paid_AI_accounts_lower,Freshworks Inc. consolidated,paid_AI_accounts_lower,,2026-08-04,7000,accounts,company_claim,FCALL,https://s21.q4cdn.com/987526491/files/doc_financials/2026/q2/Freshworks_Q2_2026_Earnings_Call_Transcript.pdf,Key metrics / definitions; call pp.12-13; FY25 cash statement,"August4 call says more than7000 pay an AI SKU today; source date, not a June30 audited count. No price or renewal disclosed."
F_eligible_EX_Copilot,Freshworks Inc. consolidated,eligible_EX_Copilot,,2026-06-30,0.22,fraction,company_claim,FCALL,https://s21.q4cdn.com/987526491/files/doc_financials/2026/q2/Freshworks_Q2_2026_Earnings_Call_Transcript.pdf,Key metrics / definitions; call pp.12-13; FY25 cash statement,Eligible employee-experience accounts; not all company accounts or revenue.
F_FY25_OCF,Freshworks Inc. consolidated,FY25_OCF,2025-01-01,2025-12-31,242.37,USD_million,reported_actual,FY25,https://ir.freshworks.com/news/news-details/2026/Freshworks-Reports-Fourth-Quarter-and-Full-Year-2025-Results/default.aspx,Key metrics / definitions; call pp.12-13; FY25 cash statement,"Full calendar2025 cash, not September current cash."
F_FY25_PPE,Freshworks Inc. consolidated,FY25_PPE,2025-01-01,2025-12-31,5.7,USD_million,reported_actual,FY25,https://ir.freshworks.com/news/news-details/2026/Freshworks-Reports-Fourth-Quarter-and-Full-Year-2025-Results/default.aspx,Key metrics / definitions; call pp.12-13; FY25 cash statement,Full calendar2025 gross capital purchases.
F_FY25_software,Freshworks Inc. consolidated,FY25_software,2025-01-01,2025-12-31,15.791,USD_million,reported_actual,FY25,https://ir.freshworks.com/news/news-details/2026/Freshworks-Reports-Fourth-Quarter-and-Full-Year-2025-Results/default.aspx,Key metrics / definitions; call pp.12-13; FY25 cash statement,Full calendar2025 capitalized software cash.
M_Q226_ad_revenue,Meta Platforms Inc.,ad_revenue,2026-04-01,2026-06-30,59363,USD_million,reported_actual,MREL,https://investor.atmeta.com/investor-news/press-release-details/2026/Meta-Reports-Second-Quarter-2026-Results/default.aspx,Income/cash-flow/segment and FCF tables,"Company or FoA perimeter, not AI-only or LLaTTE-specific. Payments of lease principal are cash, not new leased capital."
M_Q226_revenue,Meta Platforms Inc.,revenue,2026-04-01,2026-06-30,60801,USD_million,reported_actual,MREL,https://investor.atmeta.com/investor-news/press-release-details/2026/Meta-Reports-Second-Quarter-2026-Results/default.aspx,Income/cash-flow/segment and FCF tables,"Company or FoA perimeter, not AI-only or LLaTTE-specific. Payments of lease principal are cash, not new leased capital."
M_Q226_cost_revenue,Meta Platforms Inc.,cost_revenue,2026-04-01,2026-06-30,11330,USD_million,reported_actual,MREL,https://investor.atmeta.com/investor-news/press-release-details/2026/Meta-Reports-Second-Quarter-2026-Results/default.aspx,Income/cash-flow/segment and FCF tables,"Company or FoA perimeter, not AI-only or LLaTTE-specific. Payments of lease principal are cash, not new leased capital."
M_Q226_research_development,Meta Platforms Inc.,research_development,2026-04-01,2026-06-30,21656,USD_million,reported_actual,MREL,https://investor.atmeta.com/investor-news/press-release-details/2026/Meta-Reports-Second-Quarter-2026-Results/default.aspx,Income/cash-flow/segment and FCF tables,"Company or FoA perimeter, not AI-only or LLaTTE-specific. Payments of lease principal are cash, not new leased capital."
M_Q226_sales_marketing,Meta Platforms Inc.,sales_marketing,2026-04-01,2026-06-30,3431,USD_million,reported_actual,MREL,https://investor.atmeta.com/investor-news/press-release-details/2026/Meta-Reports-Second-Quarter-2026-Results/default.aspx,Income/cash-flow/segment and FCF tables,"Company or FoA perimeter, not AI-only or LLaTTE-specific. Payments of lease principal are cash, not new leased capital."
M_Q226_general_admin,Meta Platforms Inc.,general_admin,2026-04-01,2026-06-30,5609,USD_million,reported_actual,MREL,https://investor.atmeta.com/investor-news/press-release-details/2026/Meta-Reports-Second-Quarter-2026-Results/default.aspx,Income/cash-flow/segment and FCF tables,"Company or FoA perimeter, not AI-only or LLaTTE-specific. Payments of lease principal are cash, not new leased capital."
M_Q226_total_cost,Meta Platforms Inc.,total_cost,2026-04-01,2026-06-30,42026,USD_million,reported_actual,MREL,https://investor.atmeta.com/investor-news/press-release-details/2026/Meta-Reports-Second-Quarter-2026-Results/default.aspx,Income/cash-flow/segment and FCF tables,"Company or FoA perimeter, not AI-only or LLaTTE-specific. Payments of lease principal are cash, not new leased capital."
M_Q226_operating_income,Meta Platforms Inc.,operating_income,2026-04-01,2026-06-30,18775,USD_million,reported_actual,MREL,https://investor.atmeta.com/investor-news/press-release-details/2026/Meta-Reports-Second-Quarter-2026-Results/default.aspx,Income/cash-flow/segment and FCF tables,"Company or FoA perimeter, not AI-only or LLaTTE-specific. Payments of lease principal are cash, not new leased capital."
M_Q226_foa_revenue,Meta Family of Apps,foa_revenue,2026-04-01,2026-06-30,60370,USD_million,reported_actual,MREL,https://investor.atmeta.com/investor-news/press-release-details/2026/Meta-Reports-Second-Quarter-2026-Results/default.aspx,Income/cash-flow/segment and FCF tables,"Company or FoA perimeter, not AI-only or LLaTTE-specific. Payments of lease principal are cash, not new leased capital."
M_Q226_foa_operating_income,Meta Family of Apps,foa_operating_income,2026-04-01,2026-06-30,23394,USD_million,reported_actual,MREL,https://investor.atmeta.com/investor-news/press-release-details/2026/Meta-Reports-Second-Quarter-2026-Results/default.aspx,Income/cash-flow/segment and FCF tables,"Company or FoA perimeter, not AI-only or LLaTTE-specific. Payments of lease principal are cash, not new leased capital."
M_Q226_ocf,Meta Platforms Inc.,ocf,2026-04-01,2026-06-30,31862,USD_million,reported_actual,MREL,https://investor.atmeta.com/investor-news/press-release-details/2026/Meta-Reports-Second-Quarter-2026-Results/default.aspx,Income/cash-flow/segment and FCF tables,"Company or FoA perimeter, not AI-only or LLaTTE-specific. Payments of lease principal are cash, not new leased capital."
M_Q226_cash_ppe,Meta Platforms Inc.,cash_ppe,2026-04-01,2026-06-30,30116,USD_million,reported_actual,MREL,https://investor.atmeta.com/investor-news/press-release-details/2026/Meta-Reports-Second-Quarter-2026-Results/default.aspx,Income/cash-flow/segment and FCF tables,"Company or FoA perimeter, not AI-only or LLaTTE-specific. Payments of lease principal are cash, not new leased capital."
M_Q226_finance_lease_principal,Meta Platforms Inc.,finance_lease_principal,2026-04-01,2026-06-30,962,USD_million,reported_actual,MREL,https://investor.atmeta.com/investor-news/press-release-details/2026/Meta-Reports-Second-Quarter-2026-Results/default.aspx,Income/cash-flow/segment and FCF tables,"Company or FoA perimeter, not AI-only or LLaTTE-specific. Payments of lease principal are cash, not new leased capital."
M_Q225_ad_revenue,Meta Platforms Inc.,ad_revenue,2025-04-01,2025-06-30,46563,USD_million,reported_actual,MREL,https://investor.atmeta.com/investor-news/press-release-details/2026/Meta-Reports-Second-Quarter-2026-Results/default.aspx,Income/cash-flow/segment and FCF tables,"Company or FoA perimeter, not AI-only or LLaTTE-specific. Payments of lease principal are cash, not new leased capital."
M_Q225_revenue,Meta Platforms Inc.,revenue,2025-04-01,2025-06-30,47516,USD_million,reported_actual,MREL,https://investor.atmeta.com/investor-news/press-release-details/2026/Meta-Reports-Second-Quarter-2026-Results/default.aspx,Income/cash-flow/segment and FCF tables,"Company or FoA perimeter, not AI-only or LLaTTE-specific. Payments of lease principal are cash, not new leased capital."
M_Q225_cost_revenue,Meta Platforms Inc.,cost_revenue,2025-04-01,2025-06-30,8491,USD_million,reported_actual,MREL,https://investor.atmeta.com/investor-news/press-release-details/2026/Meta-Reports-Second-Quarter-2026-Results/default.aspx,Income/cash-flow/segment and FCF tables,"Company or FoA perimeter, not AI-only or LLaTTE-specific. Payments of lease principal are cash, not new leased capital."
M_Q225_research_development,Meta Platforms Inc.,research_development,2025-04-01,2025-06-30,12942,USD_million,reported_actual,MREL,https://investor.atmeta.com/investor-news/press-release-details/2026/Meta-Reports-Second-Quarter-2026-Results/default.aspx,Income/cash-flow/segment and FCF tables,"Company or FoA perimeter, not AI-only or LLaTTE-specific. Payments of lease principal are cash, not new leased capital."
M_Q225_sales_marketing,Meta Platforms Inc.,sales_marketing,2025-04-01,2025-06-30,2979,USD_million,reported_actual,MREL,https://investor.atmeta.com/investor-news/press-release-details/2026/Meta-Reports-Second-Quarter-2026-Results/default.aspx,Income/cash-flow/segment and FCF tables,"Company or FoA perimeter, not AI-only or LLaTTE-specific. Payments of lease principal are cash, not new leased capital."
M_Q225_general_admin,Meta Platforms Inc.,general_admin,2025-04-01,2025-06-30,2663,USD_million,reported_actual,MREL,https://investor.atmeta.com/investor-news/press-release-details/2026/Meta-Reports-Second-Quarter-2026-Results/default.aspx,Income/cash-flow/segment and FCF tables,"Company or FoA perimeter, not AI-only or LLaTTE-specific. Payments of lease principal are cash, not new leased capital."
M_Q225_total_cost,Meta Platforms Inc.,total_cost,2025-04-01,2025-06-30,27075,USD_million,reported_actual,MREL,https://investor.atmeta.com/investor-news/press-release-details/2026/Meta-Reports-Second-Quarter-2026-Results/default.aspx,Income/cash-flow/segment and FCF tables,"Company or FoA perimeter, not AI-only or LLaTTE-specific. Payments of lease principal are cash, not new leased capital."
M_Q225_operating_income,Meta Platforms Inc.,operating_income,2025-04-01,2025-06-30,20441,USD_million,reported_actual,MREL,https://investor.atmeta.com/investor-news/press-release-details/2026/Meta-Reports-Second-Quarter-2026-Results/default.aspx,Income/cash-flow/segment and FCF tables,"Company or FoA perimeter, not AI-only or LLaTTE-specific. Payments of lease principal are cash, not new leased capital."
M_Q225_foa_revenue,Meta Family of Apps,foa_revenue,2025-04-01,2025-06-30,47146,USD_million,reported_actual,MREL,https://investor.atmeta.com/investor-news/press-release-details/2026/Meta-Reports-Second-Quarter-2026-Results/default.aspx,Income/cash-flow/segment and FCF tables,"Company or FoA perimeter, not AI-only or LLaTTE-specific. Payments of lease principal are cash, not new leased capital."
M_Q225_foa_operating_income,Meta Family of Apps,foa_operating_income,2025-04-01,2025-06-30,24971,USD_million,reported_actual,MREL,https://investor.atmeta.com/investor-news/press-release-details/2026/Meta-Reports-Second-Quarter-2026-Results/default.aspx,Income/cash-flow/segment and FCF tables,"Company or FoA perimeter, not AI-only or LLaTTE-specific. Payments of lease principal are cash, not new leased capital."
M_Q225_ocf,Meta Platforms Inc.,ocf,2025-04-01,2025-06-30,25561,USD_million,reported_actual,MREL,https://investor.atmeta.com/investor-news/press-release-details/2026/Meta-Reports-Second-Quarter-2026-Results/default.aspx,Income/cash-flow/segment and FCF tables,"Company or FoA perimeter, not AI-only or LLaTTE-specific. Payments of lease principal are cash, not new leased capital."
M_Q225_cash_ppe,Meta Platforms Inc.,cash_ppe,2025-04-01,2025-06-30,16538,USD_million,reported_actual,MREL,https://investor.atmeta.com/investor-news/press-release-details/2026/Meta-Reports-Second-Quarter-2026-Results/default.aspx,Income/cash-flow/segment and FCF tables,"Company or FoA perimeter, not AI-only or LLaTTE-specific. Payments of lease principal are cash, not new leased capital."
M_Q225_finance_lease_principal,Meta Platforms Inc.,finance_lease_principal,2025-04-01,2025-06-30,474,USD_million,reported_actual,MREL,https://investor.atmeta.com/investor-news/press-release-details/2026/Meta-Reports-Second-Quarter-2026-Results/default.aspx,Income/cash-flow/segment and FCF tables,"Company or FoA perimeter, not AI-only or LLaTTE-specific. Payments of lease principal are cash, not new leased capital."
M_H126_ad_revenue,Meta Platforms Inc.,ad_revenue,2026-01-01,2026-06-30,114387,USD_million,reported_actual,MREL,https://investor.atmeta.com/investor-news/press-release-details/2026/Meta-Reports-Second-Quarter-2026-Results/default.aspx,Income/cash-flow/segment and FCF tables,"Company or FoA perimeter, not AI-only or LLaTTE-specific. Payments of lease principal are cash, not new leased capital."
M_H126_revenue,Meta Platforms Inc.,revenue,2026-01-01,2026-06-30,117111,USD_million,reported_actual,MREL,https://investor.atmeta.com/investor-news/press-release-details/2026/Meta-Reports-Second-Quarter-2026-Results/default.aspx,Income/cash-flow/segment and FCF tables,"Company or FoA perimeter, not AI-only or LLaTTE-specific. Payments of lease principal are cash, not new leased capital."
M_H126_cost_revenue,Meta Platforms Inc.,cost_revenue,2026-01-01,2026-06-30,21549,USD_million,reported_actual,MREL,https://investor.atmeta.com/investor-news/press-release-details/2026/Meta-Reports-Second-Quarter-2026-Results/default.aspx,Income/cash-flow/segment and FCF tables,"Company or FoA perimeter, not AI-only or LLaTTE-specific. Payments of lease principal are cash, not new leased capital."
M_H126_research_development,Meta Platforms Inc.,research_development,2026-01-01,2026-06-30,39354,USD_million,reported_actual,MREL,https://investor.atmeta.com/investor-news/press-release-details/2026/Meta-Reports-Second-Quarter-2026-Results/default.aspx,Income/cash-flow/segment and FCF tables,"Company or FoA perimeter, not AI-only or LLaTTE-specific. Payments of lease principal are cash, not new leased capital."
M_H126_sales_marketing,Meta Platforms Inc.,sales_marketing,2026-01-01,2026-06-30,6339,USD_million,reported_actual,MREL,https://investor.atmeta.com/investor-news/press-release-details/2026/Meta-Reports-Second-Quarter-2026-Results/default.aspx,Income/cash-flow/segment and FCF tables,"Company or FoA perimeter, not AI-only or LLaTTE-specific. Payments of lease principal are cash, not new leased capital."
M_H126_general_admin,Meta Platforms Inc.,general_admin,2026-01-01,2026-06-30,8222,USD_million,reported_actual,MREL,https://investor.atmeta.com/investor-news/press-release-details/2026/Meta-Reports-Second-Quarter-2026-Results/default.aspx,Income/cash-flow/segment and FCF tables,"Company or FoA perimeter, not AI-only or LLaTTE-specific. Payments of lease principal are cash, not new leased capital."
M_H126_total_cost,Meta Platforms Inc.,total_cost,2026-01-01,2026-06-30,75464,USD_million,reported_actual,MREL,https://investor.atmeta.com/investor-news/press-release-details/2026/Meta-Reports-Second-Quarter-2026-Results/default.aspx,Income/cash-flow/segment and FCF tables,"Company or FoA perimeter, not AI-only or LLaTTE-specific. Payments of lease principal are cash, not new leased capital."
M_H126_operating_income,Meta Platforms Inc.,operating_income,2026-01-01,2026-06-30,41647,USD_million,reported_actual,MREL,https://investor.atmeta.com/investor-news/press-release-details/2026/Meta-Reports-Second-Quarter-2026-Results/default.aspx,Income/cash-flow/segment and FCF tables,"Company or FoA perimeter, not AI-only or LLaTTE-specific. Payments of lease principal are cash, not new leased capital."
M_H126_foa_revenue,Meta Family of Apps,foa_revenue,2026-01-01,2026-06-30,116278,USD_million,reported_actual,MREL,https://investor.atmeta.com/investor-news/press-release-details/2026/Meta-Reports-Second-Quarter-2026-Results/default.aspx,Income/cash-flow/segment and FCF tables,"Company or FoA perimeter, not AI-only or LLaTTE-specific. Payments of lease principal are cash, not new leased capital."
M_H126_foa_operating_income,Meta Family of Apps,foa_operating_income,2026-01-01,2026-06-30,50294,USD_million,reported_actual,MREL,https://investor.atmeta.com/investor-news/press-release-details/2026/Meta-Reports-Second-Quarter-2026-Results/default.aspx,Income/cash-flow/segment and FCF tables,"Company or FoA perimeter, not AI-only or LLaTTE-specific. Payments of lease principal are cash, not new leased capital."
M_H126_ocf,Meta Platforms Inc.,ocf,2026-01-01,2026-06-30,64088,USD_million,reported_actual,MREL,https://investor.atmeta.com/investor-news/press-release-details/2026/Meta-Reports-Second-Quarter-2026-Results/default.aspx,Income/cash-flow/segment and FCF tables,"Company or FoA perimeter, not AI-only or LLaTTE-specific. Payments of lease principal are cash, not new leased capital."
M_H126_cash_ppe,Meta Platforms Inc.,cash_ppe,2026-01-01,2026-06-30,49113,USD_million,reported_actual,MREL,https://investor.atmeta.com/investor-news/press-release-details/2026/Meta-Reports-Second-Quarter-2026-Results/default.aspx,Income/cash-flow/segment and FCF tables,"Company or FoA perimeter, not AI-only or LLaTTE-specific. Payments of lease principal are cash, not new leased capital."
M_H126_finance_lease_principal,Meta Platforms Inc.,finance_lease_principal,2026-01-01,2026-06-30,1805,USD_million,reported_actual,MREL,https://investor.atmeta.com/investor-news/press-release-details/2026/Meta-Reports-Second-Quarter-2026-Results/default.aspx,Income/cash-flow/segment and FCF tables,"Company or FoA perimeter, not AI-only or LLaTTE-specific. Payments of lease principal are cash, not new leased capital."
M_H125_ad_revenue,Meta Platforms Inc.,ad_revenue,2025-01-01,2025-06-30,87955,USD_million,reported_actual,MREL,https://investor.atmeta.com/investor-news/press-release-details/2026/Meta-Reports-Second-Quarter-2026-Results/default.aspx,Income/cash-flow/segment and FCF tables,"Company or FoA perimeter, not AI-only or LLaTTE-specific. Payments of lease principal are cash, not new leased capital."
M_H125_revenue,Meta Platforms Inc.,revenue,2025-01-01,2025-06-30,89830,USD_million,reported_actual,MREL,https://investor.atmeta.com/investor-news/press-release-details/2026/Meta-Reports-Second-Quarter-2026-Results/default.aspx,Income/cash-flow/segment and FCF tables,"Company or FoA perimeter, not AI-only or LLaTTE-specific. Payments of lease principal are cash, not new leased capital."
M_H125_cost_revenue,Meta Platforms Inc.,cost_revenue,2025-01-01,2025-06-30,16063,USD_million,reported_actual,MREL,https://investor.atmeta.com/investor-news/press-release-details/2026/Meta-Reports-Second-Quarter-2026-Results/default.aspx,Income/cash-flow/segment and FCF tables,"Company or FoA perimeter, not AI-only or LLaTTE-specific. Payments of lease principal are cash, not new leased capital."
M_H125_research_development,Meta Platforms Inc.,research_development,2025-01-01,2025-06-30,25092,USD_million,reported_actual,MREL,https://investor.atmeta.com/investor-news/press-release-details/2026/Meta-Reports-Second-Quarter-2026-Results/default.aspx,Income/cash-flow/segment and FCF tables,"Company or FoA perimeter, not AI-only or LLaTTE-specific. Payments of lease principal are cash, not new leased capital."
M_H125_sales_marketing,Meta Platforms Inc.,sales_marketing,2025-01-01,2025-06-30,5735,USD_million,reported_actual,MREL,https://investor.atmeta.com/investor-news/press-release-details/2026/Meta-Reports-Second-Quarter-2026-Results/default.aspx,Income/cash-flow/segment and FCF tables,"Company or FoA perimeter, not AI-only or LLaTTE-specific. Payments of lease principal are cash, not new leased capital."
M_H125_general_admin,Meta Platforms Inc.,general_admin,2025-01-01,2025-06-30,4943,USD_million,reported_actual,MREL,https://investor.atmeta.com/investor-news/press-release-details/2026/Meta-Reports-Second-Quarter-2026-Results/default.aspx,Income/cash-flow/segment and FCF tables,"Company or FoA perimeter, not AI-only or LLaTTE-specific. Payments of lease principal are cash, not new leased capital."
M_H125_total_cost,Meta Platforms Inc.,total_cost,2025-01-01,2025-06-30,51833,USD_million,reported_actual,MREL,https://investor.atmeta.com/investor-news/press-release-details/2026/Meta-Reports-Second-Quarter-2026-Results/default.aspx,Income/cash-flow/segment and FCF tables,"Company or FoA perimeter, not AI-only or LLaTTE-specific. Payments of lease principal are cash, not new leased capital."
M_H125_operating_income,Meta Platforms Inc.,operating_income,2025-01-01,2025-06-30,37997,USD_million,reported_actual,MREL,https://investor.atmeta.com/investor-news/press-release-details/2026/Meta-Reports-Second-Quarter-2026-Results/default.aspx,Income/cash-flow/segment and FCF tables,"Company or FoA perimeter, not AI-only or LLaTTE-specific. Payments of lease principal are cash, not new leased capital."
M_H125_foa_revenue,Meta Family of Apps,foa_revenue,2025-01-01,2025-06-30,89048,USD_million,reported_actual,MREL,https://investor.atmeta.com/investor-news/press-release-details/2026/Meta-Reports-Second-Quarter-2026-Results/default.aspx,Income/cash-flow/segment and FCF tables,"Company or FoA perimeter, not AI-only or LLaTTE-specific. Payments of lease principal are cash, not new leased capital."
M_H125_foa_operating_income,Meta Family of Apps,foa_operating_income,2025-01-01,2025-06-30,46736,USD_million,reported_actual,MREL,https://investor.atmeta.com/investor-news/press-release-details/2026/Meta-Reports-Second-Quarter-2026-Results/default.aspx,Income/cash-flow/segment and FCF tables,"Company or FoA perimeter, not AI-only or LLaTTE-specific. Payments of lease principal are cash, not new leased capital."
M_H125_ocf,Meta Platforms Inc.,ocf,2025-01-01,2025-06-30,49587,USD_million,reported_actual,MREL,https://investor.atmeta.com/investor-news/press-release-details/2026/Meta-Reports-Second-Quarter-2026-Results/default.aspx,Income/cash-flow/segment and FCF tables,"Company or FoA perimeter, not AI-only or LLaTTE-specific. Payments of lease principal are cash, not new leased capital."
M_H125_cash_ppe,Meta Platforms Inc.,cash_ppe,2025-01-01,2025-06-30,29479,USD_million,reported_actual,MREL,https://investor.atmeta.com/investor-news/press-release-details/2026/Meta-Reports-Second-Quarter-2026-Results/default.aspx,Income/cash-flow/segment and FCF tables,"Company or FoA perimeter, not AI-only or LLaTTE-specific. Payments of lease principal are cash, not new leased capital."
M_H125_finance_lease_principal,Meta Platforms Inc.,finance_lease_principal,2025-01-01,2025-06-30,1225,USD_million,reported_actual,MREL,https://investor.atmeta.com/investor-news/press-release-details/2026/Meta-Reports-Second-Quarter-2026-Results/default.aspx,Income/cash-flow/segment and FCF tables,"Company or FoA perimeter, not AI-only or LLaTTE-specific. Payments of lease principal are cash, not new leased capital."
M_impression_growth,Meta Platforms Inc.,impression_growth,2026-04-01,2026-06-30,0.14,fraction,reported_actual,MREL,https://investor.atmeta.com/investor-news/press-release-details/2026/Meta-Reports-Second-Quarter-2026-Results/default.aspx,Operational highlights / expense explanation,"Reported rounded year-on-year impressions, not fixed-cohort demand."
M_price_growth,Meta Platforms Inc.,price_growth,2026-04-01,2026-06-30,0.12,fraction,reported_actual,MREL,https://investor.atmeta.com/investor-news/press-release-details/2026/Meta-Reports-Second-Quarter-2026-Results/default.aspx,Operational highlights / expense explanation,Reported rounded average revenue per delivered ad; not fixed-quality price.
M_legal_charge,Meta Platforms Inc.,legal_charge,2026-04-01,2026-06-30,2400,USD_million,reported_actual,MREL,https://investor.atmeta.com/investor-news/press-release-details/2026/Meta-Reports-Second-Quarter-2026-Results/default.aspx,Operational highlights / expense explanation,Included in Q2 expenses; removing it is not an audited normalized result.
M_severance_charge,Meta Platforms Inc.,severance_charge,2026-04-01,2026-06-30,1180,USD_million,reported_actual,MREL,https://investor.atmeta.com/investor-news/press-release-details/2026/Meta-Reports-Second-Quarter-2026-Results/default.aspx,Operational highlights / expense explanation,Included in Q2 expenses; cash timing not established by expense alone.
L_conversion_uplift,Meta Facebook Feed and Reels LLaTTE tests,conversion_uplift,,2026-01-27,0.043,fraction,provider_reported_experiment,LLATTE,https://arxiv.org/pdf/2601.20083v1,"v1 section8.2, PDF p.9","Observation dates/sample/uncertainty not disclosed in this passage; January27 is publication, not fieldwork. Not global advertiser ROAS."
S_revenue,Seagate Technology Holdings plc consolidated,revenue,,2026-07-03,12195,USD_million,reported_actual,STX,https://investors.seagate.com/news/news-details/2026/Seagate-Technology-Reports-Fiscal-Fourth-Quarter-and-Fiscal-Year-2026-Financial-Results/default.aspx,FY2026 income and cash-flow tables,"Year ended July3; operating buyer resource context only, no allocation to Freshworks invoice."
S_ocf,Seagate Technology Holdings plc consolidated,ocf,,2026-07-03,3674,USD_million,reported_actual,STX,https://investors.seagate.com/news/news-details/2026/Seagate-Technology-Reports-Fiscal-Fourth-Quarter-and-Fiscal-Year-2026-Financial-Results/default.aspx,FY2026 income and cash-flow tables,"Year ended July3; operating buyer resource context only, no allocation to Freshworks invoice."
S_cash_ppe,Seagate Technology Holdings plc consolidated,cash_ppe,,2026-07-03,569,USD_million,reported_actual,STX,https://investors.seagate.com/news/news-details/2026/Seagate-Technology-Reports-Fiscal-Fourth-Quarter-and-Fiscal-Year-2026-Financial-Results/default.aspx,FY2026 income and cash-flow tables,"Year ended July3; operating buyer resource context only, no allocation to Freshworks invoice."
A_spend_growth,Research scenario,advertiser_spend_growth,,,0.02,fraction,research_assumption,SCENARIO,https://shaduf.ai/p/is-ai-a-bubble/research/customer-dollar-and-renewal/#shared-gain,Shared-gain illustration; fixed outcome gain and hypothetical budget change,Illustrates sharing of benefit with a fixed4.3% conversion gain; not observed campaign spend.
