id,entity,metric,value,unit,period,status,source_id,source_url,locator,notes
CW_A100_INTRO,CoreWeave/A100 service,GPU design introduction year,2020,calendar_year,2020,company_reported,CW_CALL,https://s205.q4cdn.com/133937190/files/doc_financials/2026/q2/CRWV-US-CORRECTED-TRANSCRIPT-CoreWeave-Q2-2026-Earnings-Call-11August2026.pdf,"Corrected Q2 2026 earnings call, August 11, 2026; pp.7–8","Design vintage, not installation of the specific contracted equipment."
CW_A100_END,CoreWeave/A100 service,New contract extends into year,2029,calendar_year,contract reported 2026-08-11,company_reported_contract,CW_CALL,https://s205.q4cdn.com/133937190/files/doc_financials/2026/q2/CRWV-US-CORRECTED-TRANSCRIPT-CoreWeave-Q2-2026-Earnings-Call-11August2026.pdf,"Corrected Q2 2026 earnings call, August 11, 2026; pp.7–8","Exact end date, price, scale, customer and deployment age undisclosed. Not nine years of realized machine returns."
P_A100,CoreWeave North America,A100 Node on-demand price,21.6,USD_per_node_hour,2026-09-29 retrieval,posted_tariff,CW_PRICE,https://www.coreweave.com/pricing,"North America on-demand eight-GPU instance table; inspected September 29, 2026","Posted bundle, not achieved renewal price or guaranteed availability. Storage and service suitability differ; no measured speedup is supplied."
N_A100,CoreWeave North America,A100 GPUs per node,8,GPU_per_node,2026-09-29 retrieval,posted_specification,CW_PRICE,https://www.coreweave.com/pricing,"North America on-demand eight-GPU instance table; inspected September 29, 2026","Posted bundle, not achieved renewal price or guaranteed availability. Storage and service suitability differ; no measured speedup is supplied."
MEM_A100,CoreWeave North America,A100 Memory per GPU,80,GB_per_GPU,2026-09-29 retrieval,posted_specification,CW_PRICE,https://www.coreweave.com/pricing,"North America on-demand eight-GPU instance table; inspected September 29, 2026","Posted bundle, not achieved renewal price or guaranteed availability. Storage and service suitability differ; no measured speedup is supplied."
STORE_A100,CoreWeave North America,A100 Local storage per node,7.68,TB_per_node,2026-09-29 retrieval,posted_specification,CW_PRICE,https://www.coreweave.com/pricing,"North America on-demand eight-GPU instance table; inspected September 29, 2026","Posted bundle, not achieved renewal price or guaranteed availability. Storage and service suitability differ; no measured speedup is supplied."
P_H100,CoreWeave North America,H100 Node on-demand price,49.24,USD_per_node_hour,2026-09-29 retrieval,posted_tariff,CW_PRICE,https://www.coreweave.com/pricing,"North America on-demand eight-GPU instance table; inspected September 29, 2026","Posted bundle, not achieved renewal price or guaranteed availability. Storage and service suitability differ; no measured speedup is supplied."
N_H100,CoreWeave North America,H100 GPUs per node,8,GPU_per_node,2026-09-29 retrieval,posted_specification,CW_PRICE,https://www.coreweave.com/pricing,"North America on-demand eight-GPU instance table; inspected September 29, 2026","Posted bundle, not achieved renewal price or guaranteed availability. Storage and service suitability differ; no measured speedup is supplied."
MEM_H100,CoreWeave North America,H100 Memory per GPU,80,GB_per_GPU,2026-09-29 retrieval,posted_specification,CW_PRICE,https://www.coreweave.com/pricing,"North America on-demand eight-GPU instance table; inspected September 29, 2026","Posted bundle, not achieved renewal price or guaranteed availability. Storage and service suitability differ; no measured speedup is supplied."
STORE_H100,CoreWeave North America,H100 Local storage per node,61.44,TB_per_node,2026-09-29 retrieval,posted_specification,CW_PRICE,https://www.coreweave.com/pricing,"North America on-demand eight-GPU instance table; inspected September 29, 2026","Posted bundle, not achieved renewal price or guaranteed availability. Storage and service suitability differ; no measured speedup is supplied."
A_CUSTOMER_MW,Core Scientific Austin,Contracted hosting capacity up to,16,MW_customer,2024-03-06,company_reported_contract,CS_AUSTIN,https://www.sec.gov/Archives/edgar/data/1839341/000162828024009396/finalcorzcoreweaverelease0.htm,"March 6, 2024 Austin hosting announcement",Previously Hewlett Packard facility; not a utilization reading.
A_HEAD_MW,Core Scientific Austin,Underlying leased facility capacity,20,MW_facility,2024-12-31,reported,CS24,https://investors.corescientific.com/sec-filings/all-sec-filings/content/0001628280-26-013232/core-20241231.htm,"2024 Form 10-K/A, filed March 2, 2026; Note 8 lease tables and Austin discussion",Not the same denominator as customer IT capacity; ratio is not utilization.
A_HEAD_TERM,Core Scientific Austin,Original headlease term,8,years,lease entered 2024-02,reported_contract,CS24,https://investors.corescientific.com/sec-filings/all-sec-filings/content/0001628280-26-013232/core-20241231.htm,"2024 Form 10-K/A, filed March 2, 2026; Note 8 lease tables and Austin discussion","Leased rights, not free perpetual ownership."
A_HEAD_RENT24,Core Scientific Austin,Remaining headlease payments,91.2,USD_million,2024-12-31,reported_contract_rounded,CS24,https://investors.corescientific.com/sec-filings/all-sec-filings/content/0001628280-26-013232/core-20241231.htm,"2024 Form 10-K/A, filed March 2, 2026; Note 8 lease tables and Austin discussion","Issuer-rounded remaining rent, not March 2025 or September 2026 balance. Rent is already within the separate direct-expense calibration."
A24_R_2025,Core Scientific Austin,Expected minimum customer payments 2025,23.254,USD_million,schedule at 2024-12-31,reported_contract_schedule,CS24,https://investors.corescientific.com/sec-filings/all-sec-filings/content/0001628280-26-013232/core-20241231.htm,"2024 Form 10-K/A, filed March 2, 2026; Note 8 lease tables and Austin discussion",Austin commenced hosting perimeter. Scheduled payments are not verified collections. March 2025 first bucket covers April–December; later bucket has no annual decomposition.
A24_R_2026,Core Scientific Austin,Expected minimum customer payments 2026,23.952,USD_million,schedule at 2024-12-31,reported_contract_schedule,CS24,https://investors.corescientific.com/sec-filings/all-sec-filings/content/0001628280-26-013232/core-20241231.htm,"2024 Form 10-K/A, filed March 2, 2026; Note 8 lease tables and Austin discussion",Austin commenced hosting perimeter. Scheduled payments are not verified collections. March 2025 first bucket covers April–December; later bucket has no annual decomposition.
A24_R_2027,Core Scientific Austin,Expected minimum customer payments 2027,24.67,USD_million,schedule at 2024-12-31,reported_contract_schedule,CS24,https://investors.corescientific.com/sec-filings/all-sec-filings/content/0001628280-26-013232/core-20241231.htm,"2024 Form 10-K/A, filed March 2, 2026; Note 8 lease tables and Austin discussion",Austin commenced hosting perimeter. Scheduled payments are not verified collections. March 2025 first bucket covers April–December; later bucket has no annual decomposition.
A24_R_2028,Core Scientific Austin,Expected minimum customer payments 2028,25.41,USD_million,schedule at 2024-12-31,reported_contract_schedule,CS24,https://investors.corescientific.com/sec-filings/all-sec-filings/content/0001628280-26-013232/core-20241231.htm,"2024 Form 10-K/A, filed March 2, 2026; Note 8 lease tables and Austin discussion",Austin commenced hosting perimeter. Scheduled payments are not verified collections. March 2025 first bucket covers April–December; later bucket has no annual decomposition.
A24_R_2029,Core Scientific Austin,Expected minimum customer payments 2029,26.173,USD_million,schedule at 2024-12-31,reported_contract_schedule,CS24,https://investors.corescientific.com/sec-filings/all-sec-filings/content/0001628280-26-013232/core-20241231.htm,"2024 Form 10-K/A, filed March 2, 2026; Note 8 lease tables and Austin discussion",Austin commenced hosting perimeter. Scheduled payments are not verified collections. March 2025 first bucket covers April–December; later bucket has no annual decomposition.
A24_R_later,Core Scientific Austin,Expected minimum customer payments later,33.747,USD_million,schedule at 2024-12-31,reported_contract_schedule,CS24,https://investors.corescientific.com/sec-filings/all-sec-filings/content/0001628280-26-013232/core-20241231.htm,"2024 Form 10-K/A, filed March 2, 2026; Note 8 lease tables and Austin discussion",Austin commenced hosting perimeter. Scheduled payments are not verified collections. March 2025 first bucket covers April–December; later bucket has no annual decomposition.
A24_R_TOTAL,Core Scientific Austin,Expected minimum customer payments TOTAL,157.206,USD_million,schedule at 2024-12-31,reported_contract_schedule,CS24,https://investors.corescientific.com/sec-filings/all-sec-filings/content/0001628280-26-013232/core-20241231.htm,"2024 Form 10-K/A, filed March 2, 2026; Note 8 lease tables and Austin discussion",Austin commenced hosting perimeter. Scheduled payments are not verified collections. March 2025 first bucket covers April–December; later bucket has no annual decomposition.
AQ_R_2025,Core Scientific Austin,Expected minimum customer payments 2025,17.569,USD_million,schedule at 2025-03-31,reported_contract_schedule,CS25Q1,https://www.sec.gov/Archives/edgar/data/1839341/000162828026013286/core-20250331.htm,"March 2025 Form 10-Q/A, filed March 2, 2026; Notes 5 and 12; Austin colocation discussion",Austin commenced hosting perimeter. Scheduled payments are not verified collections. March 2025 first bucket covers April–December; later bucket has no annual decomposition.
AQ_R_2026,Core Scientific Austin,Expected minimum customer payments 2026,23.952,USD_million,schedule at 2025-03-31,reported_contract_schedule,CS25Q1,https://www.sec.gov/Archives/edgar/data/1839341/000162828026013286/core-20250331.htm,"March 2025 Form 10-Q/A, filed March 2, 2026; Notes 5 and 12; Austin colocation discussion",Austin commenced hosting perimeter. Scheduled payments are not verified collections. March 2025 first bucket covers April–December; later bucket has no annual decomposition.
AQ_R_2027,Core Scientific Austin,Expected minimum customer payments 2027,24.67,USD_million,schedule at 2025-03-31,reported_contract_schedule,CS25Q1,https://www.sec.gov/Archives/edgar/data/1839341/000162828026013286/core-20250331.htm,"March 2025 Form 10-Q/A, filed March 2, 2026; Notes 5 and 12; Austin colocation discussion",Austin commenced hosting perimeter. Scheduled payments are not verified collections. March 2025 first bucket covers April–December; later bucket has no annual decomposition.
AQ_R_2028,Core Scientific Austin,Expected minimum customer payments 2028,25.41,USD_million,schedule at 2025-03-31,reported_contract_schedule,CS25Q1,https://www.sec.gov/Archives/edgar/data/1839341/000162828026013286/core-20250331.htm,"March 2025 Form 10-Q/A, filed March 2, 2026; Notes 5 and 12; Austin colocation discussion",Austin commenced hosting perimeter. Scheduled payments are not verified collections. March 2025 first bucket covers April–December; later bucket has no annual decomposition.
AQ_R_2029,Core Scientific Austin,Expected minimum customer payments 2029,26.173,USD_million,schedule at 2025-03-31,reported_contract_schedule,CS25Q1,https://www.sec.gov/Archives/edgar/data/1839341/000162828026013286/core-20250331.htm,"March 2025 Form 10-Q/A, filed March 2, 2026; Notes 5 and 12; Austin colocation discussion",Austin commenced hosting perimeter. Scheduled payments are not verified collections. March 2025 first bucket covers April–December; later bucket has no annual decomposition.
AQ_R_later,Core Scientific Austin,Expected minimum customer payments later,33.747,USD_million,schedule at 2025-03-31,reported_contract_schedule,CS25Q1,https://www.sec.gov/Archives/edgar/data/1839341/000162828026013286/core-20250331.htm,"March 2025 Form 10-Q/A, filed March 2, 2026; Notes 5 and 12; Austin colocation discussion",Austin commenced hosting perimeter. Scheduled payments are not verified collections. March 2025 first bucket covers April–December; later bucket has no annual decomposition.
AQ_R_TOTAL,Core Scientific Austin,Expected minimum customer payments TOTAL,151.521,USD_million,schedule at 2025-03-31,reported_contract_schedule,CS25Q1,https://www.sec.gov/Archives/edgar/data/1839341/000162828026013286/core-20250331.htm,"March 2025 Form 10-Q/A, filed March 2, 2026; Notes 5 and 12; Austin colocation discussion",Austin commenced hosting perimeter. Scheduled payments are not verified collections. March 2025 first bucket covers April–December; later bucket has no annual decomposition.
A24_LICENSE,Core Scientific Austin,License fees,17.498,USD_million,year ended 2024-12-31; partial first hosting year,reported,CS25,https://investors.corescientific.com/sec-filings/all-sec-filings/content/0001193125-26-134881/0001193125-26-134881.pdf,"2025 Form 10-K including restated 2024; pp.56, 60, 79, 83–89 and 105","Single-site scope established by the historical filings, not later portfolio totals. Costs include rent and noncash compensation; gross profit is not owner cash. Signed maintenance/other revenue retained."
A24_OTHERREV,Core Scientific Austin,Maintenance and other revenue,0.073,USD_million,year ended 2024-12-31; partial first hosting year,reported,CS25,https://investors.corescientific.com/sec-filings/all-sec-filings/content/0001193125-26-134881/0001193125-26-134881.pdf,"2025 Form 10-K including restated 2024; pp.56, 60, 79, 83–89 and 105","Single-site scope established by the historical filings, not later portfolio totals. Costs include rent and noncash compensation; gross profit is not owner cash. Signed maintenance/other revenue retained."
A24_POWER,Core Scientific Austin,Matching power reimbursement/cost,6.807,USD_million,year ended 2024-12-31; partial first hosting year,reported,CS25,https://investors.corescientific.com/sec-filings/all-sec-filings/content/0001193125-26-134881/0001193125-26-134881.pdf,"2025 Form 10-K including restated 2024; pp.56, 60, 79, 83–89 and 105","Single-site scope established by the historical filings, not later portfolio totals. Costs include rent and noncash compensation; gross profit is not owner cash. Signed maintenance/other revenue retained."
A24_REVENUE,Core Scientific Austin,Total hosting revenue,24.378,USD_million,year ended 2024-12-31; partial first hosting year,reported,CS25,https://investors.corescientific.com/sec-filings/all-sec-filings/content/0001193125-26-134881/0001193125-26-134881.pdf,"2025 Form 10-K including restated 2024; pp.56, 60, 79, 83–89 and 105","Single-site scope established by the historical filings, not later portfolio totals. Costs include rent and noncash compensation; gross profit is not owner cash. Signed maintenance/other revenue retained."
A24_EMPLOYEE,Core Scientific Austin,Employee compensation,2.514,USD_million,year ended 2024-12-31; partial first hosting year,reported,CS25,https://investors.corescientific.com/sec-filings/all-sec-filings/content/0001193125-26-134881/0001193125-26-134881.pdf,"2025 Form 10-K including restated 2024; pp.56, 60, 79, 83–89 and 105","Single-site scope established by the historical filings, not later portfolio totals. Costs include rent and noncash compensation; gross profit is not owner cash. Signed maintenance/other revenue retained."
A24_FACILITY,Core Scientific Austin,Facility operations expense,11.907,USD_million,year ended 2024-12-31; partial first hosting year,reported,CS25,https://investors.corescientific.com/sec-filings/all-sec-filings/content/0001193125-26-134881/0001193125-26-134881.pdf,"2025 Form 10-K including restated 2024; pp.56, 60, 79, 83–89 and 105","Single-site scope established by the historical filings, not later portfolio totals. Costs include rent and noncash compensation; gross profit is not owner cash. Signed maintenance/other revenue retained."
A24_OTHERCOST,Core Scientific Austin,Other service cost,0.478,USD_million,year ended 2024-12-31; partial first hosting year,reported,CS25,https://investors.corescientific.com/sec-filings/all-sec-filings/content/0001193125-26-134881/0001193125-26-134881.pdf,"2025 Form 10-K including restated 2024; pp.56, 60, 79, 83–89 and 105","Single-site scope established by the historical filings, not later portfolio totals. Costs include rent and noncash compensation; gross profit is not owner cash. Signed maintenance/other revenue retained."
A24_DEP,Core Scientific Austin,Depreciation expense,0.003,USD_million,year ended 2024-12-31; partial first hosting year,reported,CS25,https://investors.corescientific.com/sec-filings/all-sec-filings/content/0001193125-26-134881/0001193125-26-134881.pdf,"2025 Form 10-K including restated 2024; pp.56, 60, 79, 83–89 and 105","Single-site scope established by the historical filings, not later portfolio totals. Costs include rent and noncash compensation; gross profit is not owner cash. Signed maintenance/other revenue retained."
A24_COST,Core Scientific Austin,Total service cost,21.709,USD_million,year ended 2024-12-31; partial first hosting year,reported,CS25,https://investors.corescientific.com/sec-filings/all-sec-filings/content/0001193125-26-134881/0001193125-26-134881.pdf,"2025 Form 10-K including restated 2024; pp.56, 60, 79, 83–89 and 105","Single-site scope established by the historical filings, not later portfolio totals. Costs include rent and noncash compensation; gross profit is not owner cash. Signed maintenance/other revenue retained."
A24_GP,Core Scientific Austin,Gross profit,2.669,USD_million,year ended 2024-12-31; partial first hosting year,reported,CS25,https://investors.corescientific.com/sec-filings/all-sec-filings/content/0001193125-26-134881/0001193125-26-134881.pdf,"2025 Form 10-K including restated 2024; pp.56, 60, 79, 83–89 and 105","Single-site scope established by the historical filings, not later portfolio totals. Costs include rent and noncash compensation; gross profit is not owner cash. Signed maintenance/other revenue retained."
AQ_LICENSE,Core Scientific Austin,License fees,5.995,USD_million,quarter ended 2025-03-31,reported,CS25Q1,https://www.sec.gov/Archives/edgar/data/1839341/000162828026013286/core-20250331.htm,"March 2025 Form 10-Q/A, filed March 2, 2026; Notes 5 and 12; Austin colocation discussion","Single-site scope established by the historical filings, not later portfolio totals. Costs include rent and noncash compensation; gross profit is not owner cash. Signed maintenance/other revenue retained."
AQ_OTHERREV,Core Scientific Austin,Maintenance and other revenue,-0.008,USD_million,quarter ended 2025-03-31,reported,CS25Q1,https://www.sec.gov/Archives/edgar/data/1839341/000162828026013286/core-20250331.htm,"March 2025 Form 10-Q/A, filed March 2, 2026; Notes 5 and 12; Austin colocation discussion","Single-site scope established by the historical filings, not later portfolio totals. Costs include rent and noncash compensation; gross profit is not owner cash. Signed maintenance/other revenue retained."
AQ_POWER,Core Scientific Austin,Matching power reimbursement/cost,2.586,USD_million,quarter ended 2025-03-31,reported,CS25Q1,https://www.sec.gov/Archives/edgar/data/1839341/000162828026013286/core-20250331.htm,"March 2025 Form 10-Q/A, filed March 2, 2026; Notes 5 and 12; Austin colocation discussion","Single-site scope established by the historical filings, not later portfolio totals. Costs include rent and noncash compensation; gross profit is not owner cash. Signed maintenance/other revenue retained."
AQ_REVENUE,Core Scientific Austin,Total hosting revenue,8.573,USD_million,quarter ended 2025-03-31,reported,CS25Q1,https://www.sec.gov/Archives/edgar/data/1839341/000162828026013286/core-20250331.htm,"March 2025 Form 10-Q/A, filed March 2, 2026; Notes 5 and 12; Austin colocation discussion","Single-site scope established by the historical filings, not later portfolio totals. Costs include rent and noncash compensation; gross profit is not owner cash. Signed maintenance/other revenue retained."
AQ_EMPLOYEE,Core Scientific Austin,Employee compensation,1.295,USD_million,quarter ended 2025-03-31,reported,CS25Q1,https://www.sec.gov/Archives/edgar/data/1839341/000162828026013286/core-20250331.htm,"March 2025 Form 10-Q/A, filed March 2, 2026; Notes 5 and 12; Austin colocation discussion","Single-site scope established by the historical filings, not later portfolio totals. Costs include rent and noncash compensation; gross profit is not owner cash. Signed maintenance/other revenue retained."
AQ_FACILITY,Core Scientific Austin,Facility operations expense,3.852,USD_million,quarter ended 2025-03-31,reported,CS25Q1,https://www.sec.gov/Archives/edgar/data/1839341/000162828026013286/core-20250331.htm,"March 2025 Form 10-Q/A, filed March 2, 2026; Notes 5 and 12; Austin colocation discussion","Single-site scope established by the historical filings, not later portfolio totals. Costs include rent and noncash compensation; gross profit is not owner cash. Signed maintenance/other revenue retained."
AQ_OTHERCOST,Core Scientific Austin,Other service cost,0.306,USD_million,quarter ended 2025-03-31,reported,CS25Q1,https://www.sec.gov/Archives/edgar/data/1839341/000162828026013286/core-20250331.htm,"March 2025 Form 10-Q/A, filed March 2, 2026; Notes 5 and 12; Austin colocation discussion","Single-site scope established by the historical filings, not later portfolio totals. Costs include rent and noncash compensation; gross profit is not owner cash. Signed maintenance/other revenue retained."
AQ_DEP,Core Scientific Austin,Depreciation expense,0.067,USD_million,quarter ended 2025-03-31,reported,CS25Q1,https://www.sec.gov/Archives/edgar/data/1839341/000162828026013286/core-20250331.htm,"March 2025 Form 10-Q/A, filed March 2, 2026; Notes 5 and 12; Austin colocation discussion","Single-site scope established by the historical filings, not later portfolio totals. Costs include rent and noncash compensation; gross profit is not owner cash. Signed maintenance/other revenue retained."
AQ_COST,Core Scientific Austin,Total service cost,8.106,USD_million,quarter ended 2025-03-31,reported,CS25Q1,https://www.sec.gov/Archives/edgar/data/1839341/000162828026013286/core-20250331.htm,"March 2025 Form 10-Q/A, filed March 2, 2026; Notes 5 and 12; Austin colocation discussion","Single-site scope established by the historical filings, not later portfolio totals. Costs include rent and noncash compensation; gross profit is not owner cash. Signed maintenance/other revenue retained."
AQ_GP,Core Scientific Austin,Gross profit,0.467,USD_million,quarter ended 2025-03-31,reported,CS25Q1,https://www.sec.gov/Archives/edgar/data/1839341/000162828026013286/core-20250331.htm,"March 2025 Form 10-Q/A, filed March 2, 2026; Notes 5 and 12; Austin colocation discussion","Single-site scope established by the historical filings, not later portfolio totals. Costs include rent and noncash compensation; gross profit is not owner cash. Signed maintenance/other revenue retained."
CS_IMPAIR24,Core Scientific mining-to-colocation conversions,Carrying-value impairment of demolition-committed assets,122.869,USD_million,year ended 2024-12-31 as restated,reported,CS25,https://investors.corescientific.com/sec-filings/all-sec-filings/content/0001193125-26-134881/0001193125-26-134881.pdf,"2025 Form 10-K including restated 2024; pp.56, 60, 79, 83–89 and 105","Carrying-value impairment of demolition-committed assets, not Austin impairment, GPU resale or cash demolition."
CS_IMPAIR25,Core Scientific mining-to-colocation conversions,Separate-period carrying-value impairment; not a universal asset haircut.,11.359,USD_million,year ended 2025-12-31,reported,CS25,https://investors.corescientific.com/sec-filings/all-sec-filings/content/0001193125-26-134881/0001193125-26-134881.pdf,"2025 Form 10-K including restated 2024; pp.56, 60, 79, 83–89 and 105",Separate-period carrying-value impairment; not a universal asset haircut.
CS_DEMO25,Core Scientific mining-to-colocation conversions,Site-conversion demolition expense,4.442,USD_million,year ended 2025-12-31,reported_expense,CS25,https://investors.corescientific.com/sec-filings/all-sec-filings/content/0001193125-26-134881/0001193125-26-134881.pdf,"2025 Form 10-K including restated 2024; pp.56, 60, 79, 83–89 and 105","Site-conversion demolition expense, not verified same-period cash; distinct from asset impairment."
CONVERT_MW,Core Scientific/CoreWeave owned-site conversion package,"Original package capacity, approximately",200,MW_contract,2024-06-03,company_reported_contract,CS_CONVERT,https://investors.corescientific.com/news-events/press-releases/detail/74/core-scientific-to-provide-approximately-200-mw-of-infrastructure-to-host-coreweaves-high-performance-computing-services-capturing-significant-ai-compute-opportunity,"June 3, 2024 original approximately 200-MW conversion package","Original package, not leased Austin or every later contract. Construction funding is credited against future fees, not free additional lifetime revenue."
CONVERT_TERM,Core Scientific/CoreWeave owned-site conversion package,Original customer term,12,years,2024-06-03,company_reported_contract,CS_CONVERT,https://investors.corescientific.com/news-events/press-releases/detail/74/core-scientific-to-provide-approximately-200-mw-of-infrastructure-to-host-coreweaves-high-performance-computing-services-capturing-significant-ai-compute-opportunity,"June 3, 2024 original approximately 200-MW conversion package","Original package, not leased Austin or every later contract. Construction funding is credited against future fees, not free additional lifetime revenue."
CONVERT_BUILD,Core Scientific/CoreWeave owned-site conversion package,Estimated customer-funded company-owned infrastructure,300,USD_million,2024-06-03,company_estimate,CS_CONVERT,https://investors.corescientific.com/news-events/press-releases/detail/74/core-scientific-to-provide-approximately-200-mw-of-infrastructure-to-host-coreweaves-high-performance-computing-services-capturing-significant-ai-compute-opportunity,"June 3, 2024 original approximately 200-MW conversion package","Original package, not leased Austin or every later contract. Construction funding is credited against future fees, not free additional lifetime revenue."
CONVERT_CREDIT_CAP,Core Scientific/CoreWeave owned-site conversion package,Maximum monthly fee share used for build credits,0.5,fraction,2024-06-03,company_reported_contract,CS_CONVERT,https://investors.corescientific.com/news-events/press-releases/detail/74/core-scientific-to-provide-approximately-200-mw-of-infrastructure-to-host-coreweaves-high-performance-computing-services-capturing-significant-ai-compute-opportunity,"June 3, 2024 original approximately 200-MW conversion package","Original package, not leased Austin or every later contract. Construction funding is credited against future fees, not free additional lifetime revenue."
DEF_BEGIN,Core Scientific colocation portfolio,Opening deferred revenue,553.878,USD_million,six months ended 2026-06-30,reported,CS26,https://investors.corescientific.com/sec-filings/all-sec-filings/content/0001839341-26-000014/core-20260630.htm,"June 2026 Form 10-Q, filed July 28, 2026; property, lease, debt, deferred-revenue and assignment notes","Portfolio, not Austin. NEW is cash; USED and NONCASH reduce the balance and are not additional receipts. Noncash adjustment is earned base fees not yet billed."
DEF_NEW,Core Scientific colocation portfolio,Cash received,181.149,USD_million,six months ended 2026-06-30,reported,CS26,https://investors.corescientific.com/sec-filings/all-sec-filings/content/0001839341-26-000014/core-20260630.htm,"June 2026 Form 10-Q, filed July 28, 2026; property, lease, debt, deferred-revenue and assignment notes","Portfolio, not Austin. NEW is cash; USED and NONCASH reduce the balance and are not additional receipts. Noncash adjustment is earned base fees not yet billed."
DEF_USED,Core Scientific colocation portfolio,"Amounts billed and earned, reduction",58.71,USD_million,six months ended 2026-06-30,reported,CS26,https://investors.corescientific.com/sec-filings/all-sec-filings/content/0001839341-26-000014/core-20260630.htm,"June 2026 Form 10-Q, filed July 28, 2026; property, lease, debt, deferred-revenue and assignment notes","Portfolio, not Austin. NEW is cash; USED and NONCASH reduce the balance and are not additional receipts. Noncash adjustment is earned base fees not yet billed."
DEF_NONCASH,Core Scientific colocation portfolio,"Noncash straight-line adjustment, reduction",24.029,USD_million,six months ended 2026-06-30,reported,CS26,https://investors.corescientific.com/sec-filings/all-sec-filings/content/0001839341-26-000014/core-20260630.htm,"June 2026 Form 10-Q, filed July 28, 2026; property, lease, debt, deferred-revenue and assignment notes","Portfolio, not Austin. NEW is cash; USED and NONCASH reduce the balance and are not additional receipts. Noncash adjustment is earned base fees not yet billed."
DEF_END,Core Scientific colocation portfolio,Closing deferred revenue,652.288,USD_million,six months ended 2026-06-30,reported,CS26,https://investors.corescientific.com/sec-filings/all-sec-filings/content/0001839341-26-000014/core-20260630.htm,"June 2026 Form 10-Q, filed July 28, 2026; property, lease, debt, deferred-revenue and assignment notes","Portfolio, not Austin. NEW is cash; USED and NONCASH reduce the balance and are not additional receipts. Noncash adjustment is earned base fees not yet billed."
CS26_CIP,Core Scientific,Construction in progress placed in service,465.3,USD_million,six months ended 2026-06-30,reported_rounded,CS26,https://investors.corescientific.com/sec-filings/all-sec-filings/content/0001839341-26-000014/core-20260630.htm,"June 2026 Form 10-Q, filed July 28, 2026; property, lease, debt, deferred-revenue and assignment notes",Predominantly colocation; not original Austin cost or fixed-cohort completion percentage.
CS26_CAPEX,Core Scientific,Capital expenditure,954.2,USD_million,six months ended 2026-06-30,reported_rounded,CS26,https://investors.corescientific.com/sec-filings/all-sec-filings/content/0001839341-26-000014/core-20260630.htm,"June 2026 Form 10-Q, filed July 28, 2026; property, lease, debt, deferred-revenue and assignment notes","Group-wide conversion and other investment, not an additional cost to add to the same customer-funded build."
CS26_BILL_MW,Core Scientific,Billable customer power,395,MW_customer,2026-06-30,company_reported_operating,CS26,https://investors.corescientific.com/sec-filings/all-sec-filings/content/0001839341-26-000014/core-20260630.htm,"June 2026 Form 10-Q, filed July 28, 2026; property, lease, debt, deferred-revenue and assignment notes","Billing state, not electrical or GPU utilization."
CS26_LEASE_MW,Core Scientific,Leased customer power,590,MW_customer,2026-06-30,company_reported_operating,CS26,https://investors.corescientific.com/sec-filings/all-sec-filings/content/0001839341-26-000014/core-20260630.htm,"June 2026 Form 10-Q, filed July 28, 2026; property, lease, debt, deferred-revenue and assignment notes",Includes power not yet billing; not a same-cohort utilization denominator.
CS26_RESERVE,Core Scientific Finance group,Debt-service reserve cash,344.8,USD_million,2026-06-30,reported_restricted_cash,CS26,https://investors.corescientific.com/sec-filings/all-sec-filings/content/0001839341-26-000014/core-20260630.htm,"June 2026 Form 10-Q, filed July 28, 2026; property, lease, debt, deferred-revenue and assignment notes","Restricted, not free owner cash; debt note p.18."
CS26_NOTES,Core Scientific Finance,Senior secured note face,3300,USD_million,issued 2026-05-06,reported_funded,CS26,https://investors.corescientific.com/sec-filings/all-sec-filings/content/0001839341-26-000014/core-20260630.htm,"June 2026 Form 10-Q, filed July 28, 2026; property, lease, debt, deferred-revenue and assignment notes","Later pooled financing, not Austin-only or CoreWeave September convertible notes."
CS26_AMORT,Core Scientific Finance,Initial annual amortization on original principal,0.115,fraction,May 2026 note terms,reported_contract,CS26,https://investors.corescientific.com/sec-filings/all-sec-filings/content/0001839341-26-000014/core-20260630.htm,"June 2026 Form 10-Q, filed July 28, 2026; property, lease, debt, deferred-revenue and assignment notes",Starts under a semiannual-date rule after rent commencement and revenue-credit abatement; not assumed repaid at the Austin model endpoint.
CS26_Q_REV,Core Scientific colocation portfolio,Revenue,136.669,USD_million,quarter ended 2026-06-30,reported,CS26,https://investors.corescientific.com/sec-filings/all-sec-filings/content/0001839341-26-000014/core-20260630.htm,"June 2026 Form 10-Q, filed July 28, 2026; property, lease, debt, deferred-revenue and assignment notes","Expanded portfolio, not Austin-only or matched single-site growth."
CS26_Q_POWER,Core Scientific colocation portfolio,Power reimbursement,35.073,USD_million,quarter ended 2026-06-30,reported,CS26,https://investors.corescientific.com/sec-filings/all-sec-filings/content/0001839341-26-000014/core-20260630.htm,"June 2026 Form 10-Q, filed July 28, 2026; property, lease, debt, deferred-revenue and assignment notes","Expanded portfolio, not Austin-only or matched single-site growth."
CS26_Q_GP,Core Scientific colocation portfolio,Gross profit,79.983,USD_million,quarter ended 2026-06-30,reported,CS26,https://investors.corescientific.com/sec-filings/all-sec-filings/content/0001839341-26-000014/core-20260630.htm,"June 2026 Form 10-Q, filed July 28, 2026; property, lease, debt, deferred-revenue and assignment notes","Expanded portfolio, not Austin-only or matched single-site growth."
IR_OLD_COUNT,IREN AI Cloud Services,Operating mixed H100/H200 GPUs,1896,GPU,May 2025 release,company_reported_operating,IR25Q3,https://iren.gcs-web.com/news-releases/news-release-details/iren-reports-q3-fy25-results,"May 14, 2025 release; March-quarter cloud results and May 5 ARR",Changing mixed platform and different measurement dates; not same-vintage renewal or annual collected revenue.
IR_MAR_REV,IREN AI Cloud Services,March-quarter revenue rounded,3.6,USD_million,quarter ended 2025-03-31,reported_rounded,IR25Q3,https://iren.gcs-web.com/news-releases/news-release-details/iren-reports-q3-fy25-results,"May 14, 2025 release; March-quarter cloud results and May 5 ARR",Changing mixed platform and different measurement dates; not same-vintage renewal or annual collected revenue.
IR_DEC_REV,IREN AI Cloud Services,December-quarter revenue rounded,2.7,USD_million,quarter ended 2024-12-31,reported_rounded,IR25Q3,https://iren.gcs-web.com/news-releases/news-release-details/iren-reports-q3-fy25-results,"May 14, 2025 release; March-quarter cloud results and May 5 ARR",Changing mixed platform and different measurement dates; not same-vintage renewal or annual collected revenue.
IR_ARR,IREN AI Cloud Services,Revenue run rate on utilized GPUs,28,USD_million_per_year,2025-05-05,company_operating_run_rate,IR25Q3,https://iren.gcs-web.com/news-releases/news-release-details/iren-reports-q3-fy25-results,"May 14, 2025 release; March-quarter cloud results and May 5 ARR",Changing mixed platform and different measurement dates; not same-vintage renewal or annual collected revenue.
RECOVERY_REPLACEMENT,Illustrative Childress second cycle,Equipment and retrofit spending,6000,USD_million,evidence boundary 2026-09-22; hypothetical future cycle,inherited_assumption,RECOVERY,https://shaduf.ai/p/is-ai-a-bubble/research/physical-capacity-and-investment-recovery/#continuation,"Physical-capacity investigation, September 22, 2026; second-cycle assumptions; see complete report","Preserved conditional scenario, not a current quote, achieved renewal or appraisal. The original-recovery and forward-ownership models answer different questions."
RECOVERY_FULL_SALES,Illustrative Childress second cycle,Annual full-use sales,4000,USD_million_per_year,evidence boundary 2026-09-22; hypothetical future cycle,inherited_assumption,RECOVERY,https://shaduf.ai/p/is-ai-a-bubble/research/physical-capacity-and-investment-recovery/#continuation,"Physical-capacity investigation, September 22, 2026; second-cycle assumptions; see complete report","Preserved conditional scenario, not a current quote, achieved renewal or appraisal. The original-recovery and forward-ownership models answer different questions."
RECOVERY_VARIABLE,Illustrative Childress second cycle,Annual variable costs at full use,1000,USD_million_per_year,evidence boundary 2026-09-22; hypothetical future cycle,inherited_assumption,RECOVERY,https://shaduf.ai/p/is-ai-a-bubble/research/physical-capacity-and-investment-recovery/#continuation,"Physical-capacity investigation, September 22, 2026; second-cycle assumptions; see complete report","Preserved conditional scenario, not a current quote, achieved renewal or appraisal. The original-recovery and forward-ownership models answer different questions."
RECOVERY_FIXED,Illustrative Childress second cycle,Annual fixed cash costs,200,USD_million_per_year,evidence boundary 2026-09-22; hypothetical future cycle,inherited_assumption,RECOVERY,https://shaduf.ai/p/is-ai-a-bubble/research/physical-capacity-and-investment-recovery/#continuation,"Physical-capacity investigation, September 22, 2026; second-cycle assumptions; see complete report","Preserved conditional scenario, not a current quote, achieved renewal or appraisal. The original-recovery and forward-ownership models answer different questions."
RECOVERY_UTIL,Illustrative Childress second cycle,Favorable paid utilization,0.9,fraction,evidence boundary 2026-09-22; hypothetical future cycle,inherited_assumption,RECOVERY,https://shaduf.ai/p/is-ai-a-bubble/research/physical-capacity-and-investment-recovery/#continuation,"Physical-capacity investigation, September 22, 2026; second-cycle assumptions; see complete report","Preserved conditional scenario, not a current quote, achieved renewal or appraisal. The original-recovery and forward-ownership models answer different questions."
RECOVERY_TAIL_NEED,Illustrative Childress second cycle,Rounded required continuation at 80% first-term cash share,3423,USD_million,evidence boundary 2026-09-22; hypothetical future cycle,inherited_calculation,RECOVERY,https://shaduf.ai/p/is-ai-a-bubble/research/physical-capacity-and-investment-recovery/#continuation,"Physical-capacity investigation, September 22, 2026; second-cycle assumptions; see complete report","Preserved conditional scenario, not a current quote, achieved renewal or appraisal. The original-recovery and forward-ownership models answer different questions."
OWNERSHIP_REPLACEMENT,Illustrative Childress second cycle,Equipment and retrofit spending,4300,USD_million,evidence boundary 2026-09-26; hypothetical future cycle,inherited_assumption,OWNERSHIP,https://shaduf.ai/p/is-ai-a-bubble/research/valuations-ipo-expectations-and-synthesis/#iren,"Ownership-price investigation, September 26, 2026; forward Childress continuation assumptions; see complete report","Preserved conditional scenario, not a current quote, achieved renewal or appraisal. The original-recovery and forward-ownership models answer different questions."
OWNERSHIP_FULL_SALES,Illustrative Childress second cycle,Annual full-use sales,3200,USD_million_per_year,evidence boundary 2026-09-26; hypothetical future cycle,inherited_assumption,OWNERSHIP,https://shaduf.ai/p/is-ai-a-bubble/research/valuations-ipo-expectations-and-synthesis/#iren,"Ownership-price investigation, September 26, 2026; forward Childress continuation assumptions; see complete report","Preserved conditional scenario, not a current quote, achieved renewal or appraisal. The original-recovery and forward-ownership models answer different questions."
OWNERSHIP_VARIABLE_SHARE,Illustrative Childress second cycle,Variable cash costs as share of sales,0.25,fraction,evidence boundary 2026-09-26; hypothetical future cycle,inherited_assumption,OWNERSHIP,https://shaduf.ai/p/is-ai-a-bubble/research/valuations-ipo-expectations-and-synthesis/#iren,"Ownership-price investigation, September 26, 2026; forward Childress continuation assumptions; see complete report","Preserved conditional scenario, not a current quote, achieved renewal or appraisal. The original-recovery and forward-ownership models answer different questions."
OWNERSHIP_FIXED,Illustrative Childress second cycle,Annual fixed cash costs,250,USD_million_per_year,evidence boundary 2026-09-26; hypothetical future cycle,inherited_assumption,OWNERSHIP,https://shaduf.ai/p/is-ai-a-bubble/research/valuations-ipo-expectations-and-synthesis/#iren,"Ownership-price investigation, September 26, 2026; forward Childress continuation assumptions; see complete report","Preserved conditional scenario, not a current quote, achieved renewal or appraisal. The original-recovery and forward-ownership models answer different questions."
OWNERSHIP_UTIL,Illustrative Childress second cycle,Favorable paid utilization,0.9,fraction,evidence boundary 2026-09-26; hypothetical future cycle,inherited_assumption,OWNERSHIP,https://shaduf.ai/p/is-ai-a-bubble/research/valuations-ipo-expectations-and-synthesis/#iren,"Ownership-price investigation, September 26, 2026; forward Childress continuation assumptions; see complete report","Preserved conditional scenario, not a current quote, achieved renewal or appraisal. The original-recovery and forward-ownership models answer different questions."
M_RATE,Finite historical Austin diagnostic,Main assumed return,0.1,fraction,model anchor 2025-03-31; exercise assembled at 2026-09-29 retrieval boundary,research_assumption,ASSUMPTION,https://shaduf.ai/p/is-ai-a-bubble/research/second-cycle-recovery/#budget,Finite historical Austin test; assumptions and signed cash-cost correction,"Year-end timing; expense calibration is not verified cash. Signed net cash correction and upfront extra costs remain explicit. Later undated receipts and associated costs are outside the finite test, not worthless. No terminal sale."
M_G_FLAT,Finite historical Austin diagnostic,Flat expense case,0,fraction,model anchor 2025-03-31; exercise assembled at 2026-09-29 retrieval boundary,research_assumption,ASSUMPTION,https://shaduf.ai/p/is-ai-a-bubble/research/second-cycle-recovery/#budget,Finite historical Austin test; assumptions and signed cash-cost correction,"Year-end timing; expense calibration is not verified cash. Signed net cash correction and upfront extra costs remain explicit. Later undated receipts and associated costs are outside the finite test, not worthless. No terminal sale."
M_G_MID,Finite historical Austin diagnostic,Expense escalation matching approximate fee progression,0.03,fraction,model anchor 2025-03-31; exercise assembled at 2026-09-29 retrieval boundary,research_assumption,ASSUMPTION,https://shaduf.ai/p/is-ai-a-bubble/research/second-cycle-recovery/#budget,Finite historical Austin test; assumptions and signed cash-cost correction,"Year-end timing; expense calibration is not verified cash. Signed net cash correction and upfront extra costs remain explicit. Later undated receipts and associated costs are outside the finite test, not worthless. No terminal sale."
M_G_STRESS,Finite historical Austin diagnostic,Faster expense escalation,0.06,fraction,model anchor 2025-03-31; exercise assembled at 2026-09-29 retrieval boundary,research_assumption,ASSUMPTION,https://shaduf.ai/p/is-ai-a-bubble/research/second-cycle-recovery/#budget,Finite historical Austin test; assumptions and signed cash-cost correction,"Year-end timing; expense calibration is not verified cash. Signed net cash correction and upfront extra costs remain explicit. Later undated receipts and associated costs are outside the finite test, not worthless. No terminal sale."
M_EXTRA,Finite historical Austin diagnostic,Additional annual signed net cash-cost illustration,1,USD_million_per_year,model anchor 2025-03-31; exercise assembled at 2026-09-29 retrieval boundary,research_assumption,ASSUMPTION,https://shaduf.ai/p/is-ai-a-bubble/research/second-cycle-recovery/#budget,Finite historical Austin test; assumptions and signed cash-cost correction,"Year-end timing; expense calibration is not verified cash. Signed net cash correction and upfront extra costs remain explicit. Later undated receipts and associated costs are outside the finite test, not worthless. No terminal sale."
M_FIRST_FRACTION,Finite historical Austin diagnostic,Remaining first-year duration,0.75,years,model anchor 2025-03-31; exercise assembled at 2026-09-29 retrieval boundary,research_assumption,ASSUMPTION,https://shaduf.ai/p/is-ai-a-bubble/research/second-cycle-recovery/#budget,Finite historical Austin test; assumptions and signed cash-cost correction,"Year-end timing; expense calibration is not verified cash. Signed net cash correction and upfront extra costs remain explicit. Later undated receipts and associated costs are outside the finite test, not worthless. No terminal sale."
M_QUARTERS,Finite historical Austin diagnostic,Expense annualization multiplier,4,quarters_per_year,model anchor 2025-03-31; exercise assembled at 2026-09-29 retrieval boundary,research_assumption,ASSUMPTION,https://shaduf.ai/p/is-ai-a-bubble/research/second-cycle-recovery/#budget,Finite historical Austin test; assumptions and signed cash-cost correction,"Year-end timing; expense calibration is not verified cash. Signed net cash correction and upfront extra costs remain explicit. Later undated receipts and associated costs are outside the finite test, not worthless. No terminal sale."
M_LOW_RATE,Finite historical Austin diagnostic,Lower return sensitivity,0.08,fraction,model anchor 2025-03-31; exercise assembled at 2026-09-29 retrieval boundary,research_assumption,ASSUMPTION,https://shaduf.ai/p/is-ai-a-bubble/research/second-cycle-recovery/#budget,Finite historical Austin test; assumptions and signed cash-cost correction,"Year-end timing; expense calibration is not verified cash. Signed net cash correction and upfront extra costs remain explicit. Later undated receipts and associated costs are outside the finite test, not worthless. No terminal sale."
M_HIGH_RATE,Finite historical Austin diagnostic,Higher return sensitivity,0.12,fraction,model anchor 2025-03-31; exercise assembled at 2026-09-29 retrieval boundary,research_assumption,ASSUMPTION,https://shaduf.ai/p/is-ai-a-bubble/research/second-cycle-recovery/#budget,Finite historical Austin test; assumptions and signed cash-cost correction,"Year-end timing; expense calibration is not verified cash. Signed net cash correction and upfront extra costs remain explicit. Later undated receipts and associated costs are outside the finite test, not worthless. No terminal sale."
