id,entity,instrument,metric,value,unit,period,status,source_id,source_url,locator,notes
G_II_FACE,Great Elm Capital Corp.,CoreWeave Compute Acquisition Co. II LLC; first-lien secured loan,face,9.888,USD_million,2026-06-30,reported,GHOLD,https://www.sec.gov/Archives/edgar/data/1675033/000119312526335023/R7.htm,June 2026 schedule of investments; USD thousands converted to millions,Holder-listed maturity 2028-07-31.
G_II_COST,Great Elm Capital Corp.,CoreWeave Compute Acquisition Co. II LLC; first-lien secured loan,cost,9.866,USD_million,2026-06-30,reported,GHOLD,https://www.sec.gov/Archives/edgar/data/1675033/000119312526335023/R7.htm,June 2026 schedule of investments; USD thousands converted to millions,Holder-listed maturity 2028-07-31.
G_II_FV,Great Elm Capital Corp.,CoreWeave Compute Acquisition Co. II LLC; first-lien secured loan,fv,10.234,USD_million,2026-06-30,reported,GHOLD,https://www.sec.gov/Archives/edgar/data/1675033/000119312526335023/R7.htm,June 2026 schedule of investments; USD thousands converted to millions,Holder-listed maturity 2028-07-31.
G_II_RATE,Great Elm Capital Corp.,CoreWeave Compute Acquisition Co. II LLC; first-lien secured loan,annual coupon / current interest rate,0.1329,fraction,2026-06-30,reported,GHOLD,https://www.sec.gov/Archives/edgar/data/1675033/000119312526335023/R7.htm,June 2026 schedule of investments; USD thousands converted to millions,"Bond issuer exact 9.625%; holder rounds to 9.63%. Floating loan rates are June observations, not fixed future coupons."
G_IV_FACE,Great Elm Capital Corp.,CoreWeave Compute Acquisition Co. IV LLC; first-lien secured loan,face,2.093,USD_million,2026-06-30,reported,GHOLD,https://www.sec.gov/Archives/edgar/data/1675033/000119312526335023/R7.htm,June 2026 schedule of investments; USD thousands converted to millions,Holder-listed maturity 2030-05-16.
G_IV_COST,Great Elm Capital Corp.,CoreWeave Compute Acquisition Co. IV LLC; first-lien secured loan,cost,2.07,USD_million,2026-06-30,reported,GHOLD,https://www.sec.gov/Archives/edgar/data/1675033/000119312526335023/R7.htm,June 2026 schedule of investments; USD thousands converted to millions,Holder-listed maturity 2030-05-16.
G_IV_FV,Great Elm Capital Corp.,CoreWeave Compute Acquisition Co. IV LLC; first-lien secured loan,fv,2.145,USD_million,2026-06-30,reported,GHOLD,https://www.sec.gov/Archives/edgar/data/1675033/000119312526335023/R7.htm,June 2026 schedule of investments; USD thousands converted to millions,Holder-listed maturity 2030-05-16.
G_IV_RATE,Great Elm Capital Corp.,CoreWeave Compute Acquisition Co. IV LLC; first-lien secured loan,annual coupon / current interest rate,0.0968,fraction,2026-06-30,reported,GHOLD,https://www.sec.gov/Archives/edgar/data/1675033/000119312526335023/R7.htm,June 2026 schedule of investments; USD thousands converted to millions,"Bond issuer exact 9.625%; holder rounds to 9.63%. Floating loan rates are June observations, not fixed future coupons."
G_V_FACE,Great Elm Capital Corp.,CoreWeave Financing DDTL V LLC; first-lien DDTL,face,2.664,USD_million,2026-06-30,reported,GHOLD,https://www.sec.gov/Archives/edgar/data/1675033/000119312526335023/R7.htm,June 2026 schedule of investments; USD thousands converted to millions,"Holder-listed maturity 2031-11-14. DDTL V borrower filing uses November 15 2031; holder day retained, not a repayment forecast."
G_V_COST,Great Elm Capital Corp.,CoreWeave Financing DDTL V LLC; first-lien DDTL,cost,2.59,USD_million,2026-06-30,reported,GHOLD,https://www.sec.gov/Archives/edgar/data/1675033/000119312526335023/R7.htm,June 2026 schedule of investments; USD thousands converted to millions,"Holder-listed maturity 2031-11-14. DDTL V borrower filing uses November 15 2031; holder day retained, not a repayment forecast."
G_V_FV,Great Elm Capital Corp.,CoreWeave Financing DDTL V LLC; first-lien DDTL,fv,2.812,USD_million,2026-06-30,reported,GHOLD,https://www.sec.gov/Archives/edgar/data/1675033/000119312526335023/R7.htm,June 2026 schedule of investments; USD thousands converted to millions,"Holder-listed maturity 2031-11-14. DDTL V borrower filing uses November 15 2031; holder day retained, not a repayment forecast."
G_V_RATE,Great Elm Capital Corp.,CoreWeave Financing DDTL V LLC; first-lien DDTL,annual coupon / current interest rate,0.0812,fraction,2026-06-30,reported,GHOLD,https://www.sec.gov/Archives/edgar/data/1675033/000119312526335023/R7.htm,June 2026 schedule of investments; USD thousands converted to millions,"Bond issuer exact 9.625%; holder rounds to 9.63%. Floating loan rates are June observations, not fixed future coupons."
G_BOND_FACE,Great Elm Capital Corp.,CoreWeave Inc.; unsecured senior notes,face,2.0,USD_million,2026-06-30,reported,GHOLD,https://www.sec.gov/Archives/edgar/data/1675033/000119312526335023/R7.htm,June 2026 schedule of investments; USD thousands converted to millions,"Holder-listed maturity 2032-07-15. DDTL V borrower filing uses November 15 2031; holder day retained, not a repayment forecast."
G_BOND_COST,Great Elm Capital Corp.,CoreWeave Inc.; unsecured senior notes,cost,2.0,USD_million,2026-06-30,reported,GHOLD,https://www.sec.gov/Archives/edgar/data/1675033/000119312526335023/R7.htm,June 2026 schedule of investments; USD thousands converted to millions,"Holder-listed maturity 2032-07-15. DDTL V borrower filing uses November 15 2031; holder day retained, not a repayment forecast."
G_BOND_FV,Great Elm Capital Corp.,CoreWeave Inc.; unsecured senior notes,fv,1.973,USD_million,2026-06-30,reported,GHOLD,https://www.sec.gov/Archives/edgar/data/1675033/000119312526335023/R7.htm,June 2026 schedule of investments; USD thousands converted to millions,"Holder-listed maturity 2032-07-15. DDTL V borrower filing uses November 15 2031; holder day retained, not a repayment forecast."
G_BOND_RATE,Great Elm Capital Corp.,CoreWeave Inc.; unsecured senior notes,annual coupon / current interest rate,0.09625,fraction,2026-06-30,reported,CWBOND,https://www.sec.gov/Archives/edgar/data/1769628/000176962826000366/crwv-20260630.htm,Debt note; June 2032 senior notes,"Bond issuer exact 9.625%; holder rounds to 9.63%. Floating loan rates are June observations, not fixed future coupons."
G_LP_COST,Great Elm Capital Corp.,CW Opportunity 2 LP; private-fund interest,cost,3.351,USD_million,2026-06-30,reported,GHOLD,https://www.sec.gov/Archives/edgar/data/1675033/000119312526335023/R7.htm,June 2026 schedule of investments; USD thousands converted to millions,"LP units are not debt principal or a direct count of CoreWeave common shares. Count this held interest once, not again through underlying assets."
G_LP_FV,Great Elm Capital Corp.,CW Opportunity 2 LP; private-fund interest,fv,6.147,USD_million,2026-06-30,reported,GHOLD,https://www.sec.gov/Archives/edgar/data/1675033/000119312526335023/R7.htm,June 2026 schedule of investments; USD thousands converted to millions,"LP units are not debt principal or a direct count of CoreWeave common shares. Count this held interest once, not again through underlying assets."
G_LP_UNITS,Great Elm Capital Corp.,CW Opportunity 2 LP; private-fund interest,units,3350968,units,2026-06-30,reported,GHOLD,https://www.sec.gov/Archives/edgar/data/1675033/000119312526335023/R7.htm,June 2026 schedule of investments; USD thousands converted to millions,"LP units are not debt principal or a direct count of CoreWeave common shares. Count this held interest once, not again through underlying assets."
G_PRIOR_II_FACE,Great Elm Capital Corp.,II prior position,face,11.813,USD_million,2025-12-31,reported,GHOLD,https://www.sec.gov/Archives/edgar/data/1675033/000119312526335023/R7.htm,June 2026 schedule of investments; USD thousands converted to millions,Prior column only; balance movement does not identify sales versus scheduled amortization.
G_PRIOR_II_COST,Great Elm Capital Corp.,II prior position,cost,11.775,USD_million,2025-12-31,reported,GHOLD,https://www.sec.gov/Archives/edgar/data/1675033/000119312526335023/R7.htm,June 2026 schedule of investments; USD thousands converted to millions,Prior column only; balance movement does not identify sales versus scheduled amortization.
G_PRIOR_II_FV,Great Elm Capital Corp.,II prior position,fv,12.049,USD_million,2025-12-31,reported,GHOLD,https://www.sec.gov/Archives/edgar/data/1675033/000119312526335023/R7.htm,June 2026 schedule of investments; USD thousands converted to millions,Prior column only; balance movement does not identify sales versus scheduled amortization.
G_PRIOR_IV_FACE,Great Elm Capital Corp.,IV prior position,face,3.314,USD_million,2025-12-31,reported,GHOLD,https://www.sec.gov/Archives/edgar/data/1675033/000119312526335023/R7.htm,June 2026 schedule of investments; USD thousands converted to millions,Prior column only; balance movement does not identify sales versus scheduled amortization.
G_PRIOR_IV_COST,Great Elm Capital Corp.,IV prior position,cost,3.274,USD_million,2025-12-31,reported,GHOLD,https://www.sec.gov/Archives/edgar/data/1675033/000119312526335023/R7.htm,June 2026 schedule of investments; USD thousands converted to millions,Prior column only; balance movement does not identify sales versus scheduled amortization.
G_PRIOR_IV_FV,Great Elm Capital Corp.,IV prior position,fv,3.38,USD_million,2025-12-31,reported,GHOLD,https://www.sec.gov/Archives/edgar/data/1675033/000119312526335023/R7.htm,June 2026 schedule of investments; USD thousands converted to millions,Prior column only; balance movement does not identify sales versus scheduled amortization.
G_PRIOR_LP_COST,Great Elm Capital Corp.,LP prior position,cost,4.083,USD_million,2025-12-31,reported,GHOLD,https://www.sec.gov/Archives/edgar/data/1675033/000119312526335023/R7.htm,June 2026 schedule of investments; USD thousands converted to millions,Prior column only; balance movement does not identify sales versus scheduled amortization.
G_PRIOR_LP_FV,Great Elm Capital Corp.,LP prior position,fv,5.798,USD_million,2025-12-31,reported,GHOLD,https://www.sec.gov/Archives/edgar/data/1675033/000119312526335023/R7.htm,June 2026 schedule of investments; USD thousands converted to millions,Prior column only; balance movement does not identify sales versus scheduled amortization.
G_ASSETS,Great Elm Capital Corp.,Holder consolidated balance / funding,total assets,279.982,USD_million,2026-06-30,reported,GBAL,https://www.sec.gov/Archives/edgar/data/1675033/000119312526335023/R2.htm,Statements of assets and liabilities; June 30 2026,Money market is already in total investments; receivables are not bank cash.
G_LIABS,Great Elm Capital Corp.,Holder consolidated balance / funding,total liabilities,169.564,USD_million,2026-06-30,reported,GBAL,https://www.sec.gov/Archives/edgar/data/1675033/000119312526335023/R2.htm,Statements of assets and liabilities; June 30 2026,Money market is already in total investments; receivables are not bank cash.
G_NAV,Great Elm Capital Corp.,Holder consolidated balance / funding,net assets,110.418,USD_million,2026-06-30,reported,GBAL,https://www.sec.gov/Archives/edgar/data/1675033/000119312526335023/R2.htm,Statements of assets and liabilities; June 30 2026,Money market is already in total investments; receivables are not bank cash.
G_INVESTMENTS,Great Elm Capital Corp.,Holder consolidated balance / funding,investments fair value including money market,272.252,USD_million,2026-06-30,reported,GBAL,https://www.sec.gov/Archives/edgar/data/1675033/000119312526335023/R2.htm,Statements of assets and liabilities; June 30 2026,Money market is already in total investments; receivables are not bank cash.
G_CASH,Great Elm Capital Corp.,Holder consolidated balance / funding,cash and cash equivalents,1.669,USD_million,2026-06-30,reported,GBAL,https://www.sec.gov/Archives/edgar/data/1675033/000119312526335023/R2.htm,Statements of assets and liabilities; June 30 2026,Money market is already in total investments; receivables are not bank cash.
G_MMF,Great Elm Capital Corp.,Holder consolidated balance / funding,money-market / short-term investments already in investments,3.966,USD_million,2026-06-30,reported,GBAL,https://www.sec.gov/Archives/edgar/data/1675033/000119312526335023/R2.htm,Statements of assets and liabilities; June 30 2026,Money market is already in total investments; receivables are not bank cash.
G_NOTES_CARRY,Great Elm Capital Corp.,Holder consolidated balance / funding,notes carrying amount,150.853,USD_million,2026-06-30,reported,GBAL,https://www.sec.gov/Archives/edgar/data/1675033/000119312526335023/R2.htm,Statements of assets and liabilities; June 30 2026,Money market is already in total investments; receivables are not bank cash.
G_REV_DRAW,Great Elm Capital Corp.,Holder consolidated balance / funding,secured revolver drawn,11.0,USD_million,2026-06-30,reported,GBAL,https://www.sec.gov/Archives/edgar/data/1675033/000119312526335023/R2.htm,Statements of assets and liabilities; June 30 2026,Money market is already in total investments; receivables are not bank cash.
G_PURCHASE_PAY,Great Elm Capital Corp.,Holder consolidated balance / funding,payable for investments purchased,5.34,USD_million,2026-06-30,reported,GBAL,https://www.sec.gov/Archives/edgar/data/1675033/000119312526335023/R2.htm,Statements of assets and liabilities; June 30 2026,Money market is already in total investments; receivables are not bank cash.
G_RECEIVABLE_SALES,Great Elm Capital Corp.,Holder consolidated balance / funding,receivable for investments sold,1.764,USD_million,2026-06-30,reported,GBAL,https://www.sec.gov/Archives/edgar/data/1675033/000119312526335023/R2.htm,Statements of assets and liabilities; June 30 2026,Money market is already in total investments; receivables are not bank cash.
G_RECEIVABLE_INTEREST,Great Elm Capital Corp.,Holder consolidated balance / funding,interest receivable,1.821,USD_million,2026-06-30,reported,GBAL,https://www.sec.gov/Archives/edgar/data/1675033/000119312526335023/R2.htm,Statements of assets and liabilities; June 30 2026,Money market is already in total investments; receivables are not bank cash.
G_RECEIVABLE_DIV,Great Elm Capital Corp.,Holder consolidated balance / funding,dividends receivable,0.782,USD_million,2026-06-30,reported,GBAL,https://www.sec.gov/Archives/edgar/data/1675033/000119312526335023/R2.htm,Statements of assets and liabilities; June 30 2026,Money market is already in total investments; receivables are not bank cash.
G_OTHER_LIABS,Great Elm Capital Corp.,Holder consolidated balance / funding,other accrued liabilities,0.816,USD_million,2026-06-30,reported,GBAL,https://www.sec.gov/Archives/edgar/data/1675033/000119312526335023/R2.htm,Statements of assets and liabilities; June 30 2026,Money market is already in total investments; receivables are not bank cash.
G_PRIOR_NAV,Great Elm Capital Corp.,Holder consolidated balance / funding,prior net assets,112.946,USD_million,2025-12-31,reported,GBAL,https://www.sec.gov/Archives/edgar/data/1675033/000119312526335023/R2.htm,Statements of assets and liabilities; June 30 2026,Money market is already in total investments; receivables are not bank cash.
G_PRIOR_CASH,Great Elm Capital Corp.,Holder consolidated balance / funding,prior bank cash,1.834,USD_million,2025-12-31,reported,GBAL,https://www.sec.gov/Archives/edgar/data/1675033/000119312526335023/R2.htm,Statements of assets and liabilities; June 30 2026,Money market is already in total investments; receivables are not bank cash.
G_PRIOR_MMF,Great Elm Capital Corp.,Holder consolidated balance / funding,prior short-term investments,32.803,USD_million,2025-12-31,reported,GBAL,https://www.sec.gov/Archives/edgar/data/1675033/000119312526335023/R2.htm,Statements of assets and liabilities; June 30 2026,Money market is already in total investments; receivables are not bank cash.
G_ISSUE_DISCOUNT,Great Elm Capital Corp.,Holder consolidated balance / funding,reported unamortized note discount,4.546,USD_million,2026-06-30,reported,GBAL,https://www.sec.gov/Archives/edgar/data/1675033/000119312526335023/R2.htm,Statements of assets and liabilities; June 30 2026,Rounding differs by 0.001m from total face less reported carrying amount; no invented cash loss.
G_NOTE_I_FACE,Great Elm Capital Corp.,GECCI unsecured notes,principal outstanding,56.5,USD_million,2026-06-30,reported,GQ,https://www.sec.gov/Archives/edgar/data/1675033/000119312526335023/gecc-20260630.htm,Notes 6–8; MD&A; reproduced filing at CompaniesMarketCap inspected when full EDGAR body exceeded limit,Maturity 2029-04-30; not the portfolio borrowers' debt.
G_NOTE_I_RATE,Great Elm Capital Corp.,GECCI unsecured notes,annual coupon,0.085,fraction,2026-06-30,contractual,GQ,https://www.sec.gov/Archives/edgar/data/1675033/000119312526335023/gecc-20260630.htm,Notes 6–8; MD&A; reproduced filing at CompaniesMarketCap inspected when full EDGAR body exceeded limit,Maturity 2029-04-30. Future GECCI partial redemption is not assumed settled.
G_NOTE_H_FACE,Great Elm Capital Corp.,GECCH unsecured notes,principal outstanding,41.4,USD_million,2026-06-30,reported,GQ,https://www.sec.gov/Archives/edgar/data/1675033/000119312526335023/gecc-20260630.htm,Notes 6–8; MD&A; reproduced filing at CompaniesMarketCap inspected when full EDGAR body exceeded limit,Maturity 2029-12-31; not the portfolio borrowers' debt.
G_NOTE_H_RATE,Great Elm Capital Corp.,GECCH unsecured notes,annual coupon,0.08125,fraction,2026-06-30,contractual,GQ,https://www.sec.gov/Archives/edgar/data/1675033/000119312526335023/gecc-20260630.htm,Notes 6–8; MD&A; reproduced filing at CompaniesMarketCap inspected when full EDGAR body exceeded limit,Maturity 2029-12-31. Future GECCI partial redemption is not assumed settled.
G_NOTE_G_FACE,Great Elm Capital Corp.,GECCG unsecured notes,principal outstanding,57.5,USD_million,2026-06-30,reported,GQ,https://www.sec.gov/Archives/edgar/data/1675033/000119312526335023/gecc-20260630.htm,Notes 6–8; MD&A; reproduced filing at CompaniesMarketCap inspected when full EDGAR body exceeded limit,Maturity 2030-12-31; not the portfolio borrowers' debt.
G_NOTE_G_RATE,Great Elm Capital Corp.,GECCG unsecured notes,annual coupon,0.0775,fraction,2026-06-30,contractual,GQ,https://www.sec.gov/Archives/edgar/data/1675033/000119312526335023/gecc-20260630.htm,Notes 6–8; MD&A; reproduced filing at CompaniesMarketCap inspected when full EDGAR body exceeded limit,Maturity 2030-12-31. Future GECCI partial redemption is not assumed settled.
G_REPORTED_COVER,Great Elm Capital Corp.,Holder consolidated balance / funding,reported asset coverage,1.664,ratio,2026-06-30,reported,GQ,https://www.sec.gov/Archives/edgar/data/1675033/000119312526335023/gecc-20260630.htm,Notes 6–8; MD&A; reproduced filing at CompaniesMarketCap inspected when full EDGAR body exceeded limit,"Rounded issuer metric; reconstruction is an analytical proxy, not a compliance certificate."
G_UNFUNDED,Great Elm Capital Corp.,Holder consolidated balance / funding,unfunded investment commitments,6.1,USD_million,2026-06-30,reported,GQ,https://www.sec.gov/Archives/edgar/data/1675033/000119312526335023/gecc-20260630.htm,Notes 6–8; MD&A; reproduced filing at CompaniesMarketCap inspected when full EDGAR body exceeded limit,Rounded total portfolio amount; not all due immediately or allocated to CoreWeave.
G_REV_CAP,Great Elm Capital Corp.,Holder consolidated balance / funding,revolver commitment ceiling,50,USD_million,2026-06-30,reported,GQ,https://www.sec.gov/Archives/edgar/data/1675033/000119312526335023/gecc-20260630.htm,Notes 6–8; MD&A; reproduced filing at CompaniesMarketCap inspected when full EDGAR body exceeded limit,"Not unrestricted available cash; borrowing base, covenants and other conditions apply."
G_NAV_MIN,Great Elm Capital Corp.,Holder consolidated balance / funding,bank minimum net assets,80,USD_million,2026-06-30,contractual,GBANK,https://contracts.justia.com/companies/great-elm-capital-corp-5546/contract/1337015/,"Executed Fifth Amendment and amended agreement; definitions; sections 2.2, 6.6–6.9, 7.11",Definition ties to reported net assets; tested quarterly.
G_COVER_MIN,Great Elm Capital Corp.,Holder consolidated balance / funding,minimum asset coverage,1.5,ratio,2026-06-30,contractual,GBANK,https://contracts.justia.com/companies/great-elm-capital-corp-5546/contract/1337015/,"Executed Fifth Amendment and amended agreement; definitions; sections 2.2, 6.6–6.9, 7.11",Quarterly covenant and BDC borrowing restriction; exact certificate not obtained.
G_BANK_COVER_MIN,Great Elm Capital Corp.,Holder consolidated balance / funding,minimum bank asset coverage,3,ratio,2026-06-30,contractual,GBANK,https://contracts.justia.com/companies/great-elm-capital-corp-5546/contract/1337015/,"Executed Fifth Amendment and amended agreement; definitions; sections 2.2, 6.6–6.9, 7.11",Different numerator and denominator from general asset coverage.
G_BASE_CURE_DAYS,Great Elm Capital Corp.,Holder consolidated balance / funding,maximum borrowing-base deficiency cure period,15,days,2026-06-30,contractual,GBANK,https://contracts.justia.com/companies/great-elm-capital-corp-5546/contract/1337015/,"Executed Fifth Amendment and amended agreement; definitions; sections 2.2, 6.6–6.9, 7.11",Section 2.2(c)(iv): promptly and in any event within 15 days; cash payment or deposit alternatives.
G_SYND_ADVANCE,Great Elm Capital Corp.,Holder consolidated balance / funding,syndicated first-lien eligibility advance rate,0.7,fraction,2026-06-30,contractual,GBANK,https://contracts.justia.com/companies/great-elm-capital-corp-5546/contract/1337015/,"Executed Fifth Amendment and amended agreement; definitions; sections 2.2, 6.6–6.9, 7.11",Illustrative eligible category only; actual classification and borrowing-base contribution of held positions not established.
G_EXT_FEE,Great Elm Capital Corp.,Holder consolidated balance / funding,June extension fee,0.35,USD_million,2026-06-08,contractual,GAMEND,https://www.sec.gov/Archives/edgar/data/1675033/000119312526262002/gecc-ex10_1.htm,Sixth Amendment June 8 2026; section 2 amended definitions; original-document indexed text,Fee contractual; not added as a fresh October cash use.
G_GECCI_NOTICE,Great Elm Capital Corp.,Holder consolidated balance / funding,partial GECCI redemption announced,6.5,USD_million,2026-07-20,announced,GQ,https://www.sec.gov/Archives/edgar/data/1675033/000119312526335023/gecc-20260630.htm,Notes 6–8; MD&A; reproduced filing at CompaniesMarketCap inspected when full EDGAR body exceeded limit,Notice July 20 for expected August 19 redemption; distinct settlement not established here. Not subtracted in frozen June test.
G_CW_DISTR_CUM,Great Elm Capital Corp.,Holder consolidated balance / funding,cumulative CoreWeave-related equity cash distributions,9.5,USD_million,2026-08-05,reported,GREL,https://www.sec.gov/Archives/edgar/data/1675033/000119312526335061/gecc-ex99_1.htm,August 5 2026 second-quarter results,Holder reports cash realized; not necessarily operating dividends from CoreWeave; not still unspent.
G_CW_ORIGINAL,Great Elm Capital Corp.,Holder consolidated balance / funding,original CoreWeave-related equity investment,6,USD_million,historical investment as described 2026-08-05,reported,GREL,https://www.sec.gov/Archives/edgar/data/1675033/000119312526335061/gecc-ex99_1.htm,August 5 2026 second-quarter results,"Historical investment reference, not current LP cost or risk."
G_CW_DISTR_Q2,Great Elm Capital Corp.,Holder consolidated balance / funding,Q2 CoreWeave-related equity distributions,2.6,USD_million,2026-04-01/2026-06-30,reported,GREL,https://www.sec.gov/Archives/edgar/data/1675033/000119312526335061/gecc-ex99_1.htm,August 5 2026 second-quarter results,Already included in cumulative 9.5m; do not add twice.
G_Q2_NII,Great Elm Capital Corp.,Holder consolidated balance / funding,net investment income,4.5,USD_million,2026-04-01/2026-06-30,reported,GREL,https://www.sec.gov/Archives/edgar/data/1675033/000119312526335061/gecc-ex99_1.htm,August 5 2026 second-quarter results,"Rounded; after incentive-fee waiver, not cash collections."
G_Q2_WAIVER,Great Elm Capital Corp.,Holder consolidated balance / funding,incentive-fee waiver,0.9,USD_million,2026-04-01/2026-06-30,reported,GREL,https://www.sec.gov/Archives/edgar/data/1675033/000119312526335061/gecc-ex99_1.htm,August 5 2026 second-quarter results,Benefits fund at adviser's expense; not committed future support.
G_Q1_WAIVER,Great Elm Capital Corp.,Holder consolidated balance / funding,incentive-fee waiver,2.8,USD_million,2026-01-01/2026-03-31,reported,GREL,https://www.sec.gov/Archives/edgar/data/1675033/000119312526335061/gecc-ex99_1.htm,August 5 2026 second-quarter results,Historical only.
G_H1_GECCO,Great Elm Capital Corp.,Holder consolidated balance / funding,GECCO principal repurchased / redeemed,39,USD_million,2026-01-01/2026-06-30,reported,GQ,https://www.sec.gov/Archives/edgar/data/1675033/000119312526335023/gecc-20260630.htm,Notes 6–8; MD&A; reproduced filing at CompaniesMarketCap inspected when full EDGAR body exceeded limit,"Historical funded repayment, not a maturity still outstanding."
G_H1_OCF_ROUND,Great Elm Capital Corp.,Holder consolidated balance / funding,net cash from operating activities,36.6,USD_million,2026-01-01/2026-06-30,reported,GQ,https://www.sec.gov/Archives/edgar/data/1675033/000119312526335023/gecc-20260630.htm,Notes 6–8; MD&A; reproduced filing at CompaniesMarketCap inspected when full EDGAR body exceeded limit,"Rounded investment-company CFO; includes portfolio sales/principal, not comparable to industrial recurring CFO."
G_H1_PORT_PROCEEDS,Great Elm Capital Corp.,Holder consolidated balance / funding,sales and principal proceeds,92.1,USD_million,2026-01-01/2026-06-30,reported,GQ,https://www.sec.gov/Archives/edgar/data/1675033/000119312526335023/gecc-20260630.htm,Notes 6–8; MD&A; reproduced filing at CompaniesMarketCap inspected when full EDGAR body exceeded limit,Rounded included in investment-company CFO; not added again.
G_H1_PORT_PURCHASES,Great Elm Capital Corp.,Holder consolidated balance / funding,investment purchases,60.4,USD_million,2026-01-01/2026-06-30,reported,GQ,https://www.sec.gov/Archives/edgar/data/1675033/000119312526335023/gecc-20260630.htm,Notes 6–8; MD&A; reproduced filing at CompaniesMarketCap inspected when full EDGAR body exceeded limit,Rounded included in investment-company CFO.
G_ATM_AUTH,Great Elm Capital Corp.,Holder consolidated balance / funding,common issuance program authority,100,USD_million,2026-06-30,authorization,GQ,https://www.sec.gov/Archives/edgar/data/1675033/000119312526335023/gecc-20260630.htm,Notes 6–8; MD&A; reproduced filing at CompaniesMarketCap inspected when full EDGAR body exceeded limit,Authority is not sold shares or committed cash.
N_CW_SHARES,NVIDIA Corporation,CoreWeave Class A equity,CoreWeave Class A shares beneficially held,47213353,shares,2026-01-23,reported,N13G,https://www.sec.gov/Archives/edgar/data/1045810/000104581026000008/xslSCHEDULE_13G_X01/primary_doc.xml,January 26 2026 Schedule 13G/A; event January 23; sole voting/dispositive power,"Historical primary ownership record, not October holdings; 11.5% is share class, not voting power or all-class ownership."
N_CW_CLASS_PCT,NVIDIA Corporation,CoreWeave Class A equity,CoreWeave Class A beneficial ownership fraction,0.115,fraction,2026-01-23,reported,N13G,https://www.sec.gov/Archives/edgar/data/1045810/000104581026000008/xslSCHEDULE_13G_X01/primary_doc.xml,January 26 2026 Schedule 13G/A; event January 23; sole voting/dispositive power,"Historical primary ownership record, not October holdings; 11.5% is share class, not voting power or all-class ownership."
N_NEW_CW_SHARES,NVIDIA Corporation,January CoreWeave subscription,shares issued to NVIDIA at closing,22935780,shares,2026-01-23,reported,NCLOSE,https://www.sec.gov/Archives/edgar/data/1769628/000176962826000044/crwv-20260123.htm,January 23 2026 closing; Item 3.02,Closed transaction; rounded $2bn reconciles price times shares. Not an extra addition to current equity fair value.
N_CW_PRICE,NVIDIA Corporation,January CoreWeave subscription,subscription price,87.2,USD_per_share,2026-01-23,reported,NCLOSE,https://www.sec.gov/Archives/edgar/data/1769628/000176962826000044/crwv-20260123.htm,January 23 2026 closing; Item 3.02,Closed transaction; rounded $2bn reconciles price times shares. Not an extra addition to current equity fair value.
N_CW_PAID,NVIDIA Corporation,January CoreWeave subscription,aggregate cash purchase,2000,USD_million,2026-01-23,reported,NCLOSE,https://www.sec.gov/Archives/edgar/data/1769628/000176962826000044/crwv-20260123.htm,January 23 2026 closing; Item 3.02,Closed transaction; rounded $2bn reconciles price times shares. Not an extra addition to current equity fair value.
N_CASH,NVIDIA Corporation,Consolidated July balance,cash and cash equivalents,22443,USD_million,2026-07-26,reported,NBAL,https://www.sec.gov/Archives/edgar/data/1045810/000104581026000075/R4.htm,July 26 2026 balance sheet; primary indexed table,Marketable equity is not cash; no CoreWeave-specific allocation inferred.
N_DEBT_SEC,NVIDIA Corporation,Consolidated July balance,marketable debt securities,34143,USD_million,2026-07-26,reported,NBAL,https://www.sec.gov/Archives/edgar/data/1045810/000104581026000075/R4.htm,July 26 2026 balance sheet; primary indexed table,Marketable equity is not cash; no CoreWeave-specific allocation inferred.
N_MARKET_EQ,NVIDIA Corporation,Consolidated July balance,marketable equity securities,42783,USD_million,2026-07-26,reported,NBAL,https://www.sec.gov/Archives/edgar/data/1045810/000104581026000075/R4.htm,July 26 2026 balance sheet; primary indexed table,Marketable equity is not cash; no CoreWeave-specific allocation inferred.
N_NONMARKET_EQ,NVIDIA Corporation,Consolidated July balance,nonmarketable securities including equity-method investments,51157,USD_million,2026-07-26,reported,NBAL,https://www.sec.gov/Archives/edgar/data/1045810/000104581026000075/R4.htm,July 26 2026 balance sheet; primary indexed table,Balance-sheet category includes nonmarketable equity and equity-method investments. Not a current available-cash balance; not all CoreWeave or AI exposure.
N_ASSETS,NVIDIA Corporation,Consolidated July balance,total assets,320272,USD_million,2026-07-26,reported,NBAL,https://www.sec.gov/Archives/edgar/data/1045810/000104581026000075/R4.htm,July 26 2026 balance sheet; primary indexed table,Marketable equity is not cash; no CoreWeave-specific allocation inferred.
N_LIABS,NVIDIA Corporation,Consolidated July balance,total liabilities,91288,USD_million,2026-07-26,reported,NBAL,https://www.sec.gov/Archives/edgar/data/1045810/000104581026000075/R4.htm,July 26 2026 balance sheet; primary indexed table,Marketable equity is not cash; no CoreWeave-specific allocation inferred.
N_EQUITY,NVIDIA Corporation,Consolidated July balance,shareholders equity,228984,USD_million,2026-07-26,reported,NBAL,https://www.sec.gov/Archives/edgar/data/1045810/000104581026000075/R4.htm,July 26 2026 balance sheet; primary indexed table,Marketable equity is not cash; no CoreWeave-specific allocation inferred.
N_DEBT_CURRENT,NVIDIA Corporation,Consolidated July balance,current debt carrying amount,1000,USD_million,2026-07-26,reported,NBAL,https://www.sec.gov/Archives/edgar/data/1045810/000104581026000075/R4.htm,July 26 2026 balance sheet; primary indexed table,Marketable equity is not cash; no CoreWeave-specific allocation inferred.
N_DEBT_LONG,NVIDIA Corporation,Consolidated July balance,long-term debt carrying amount,32366,USD_million,2026-07-26,reported,NBAL,https://www.sec.gov/Archives/edgar/data/1045810/000104581026000075/R4.htm,July 26 2026 balance sheet; primary indexed table,Marketable equity is not cash; no CoreWeave-specific allocation inferred.
N_CASH_BEGIN,NVIDIA Corporation,Consolidated six-month cash flows,opening cash,10605,USD_million,2026-01-26/2026-07-26,reported,NCF,https://www.sec.gov/Archives/edgar/data/1045810/000104581026000075/R7.htm,Six-month cash-flow statement; primary indexed table,Components are already in the net cash-flow totals; do not add both. Beginning cash is January 25.
N_OCF,NVIDIA Corporation,Consolidated six-month cash flows,net operating cash,74421,USD_million,2026-01-26/2026-07-26,reported,NCF,https://www.sec.gov/Archives/edgar/data/1045810/000104581026000075/R7.htm,Six-month cash-flow statement; primary indexed table,Components are already in the net cash-flow totals; do not add both. Beginning cash is January 25.
N_ICF,NVIDIA Corporation,Consolidated six-month cash flows,net investing cash,-35124,USD_million,2026-01-26/2026-07-26,reported,NCF,https://www.sec.gov/Archives/edgar/data/1045810/000104581026000075/R7.htm,Six-month cash-flow statement; primary indexed table,Components are already in the net cash-flow totals; do not add both. Beginning cash is January 25.
N_FCF_FIN,NVIDIA Corporation,Consolidated six-month cash flows,net financing cash,-27459,USD_million,2026-01-26/2026-07-26,reported,NCF,https://www.sec.gov/Archives/edgar/data/1045810/000104581026000075/R7.htm,Six-month cash-flow statement; primary indexed table,Components are already in the net cash-flow totals; do not add both. Beginning cash is January 25.
N_DEBT_NET,NVIDIA Corporation,Consolidated six-month cash flows,net debt issuance proceeds,24896,USD_million,2026-01-26/2026-07-26,reported,NCF,https://www.sec.gov/Archives/edgar/data/1045810/000104581026000075/R7.htm,Six-month cash-flow statement; primary indexed table,Components are already in the net cash-flow totals; do not add both. Beginning cash is January 25.
N_BUYBACK_CASH,NVIDIA Corporation,Consolidated six-month cash flows,cash share repurchases,39044,USD_million,2026-01-26/2026-07-26,reported,NCF,https://www.sec.gov/Archives/edgar/data/1045810/000104581026000075/R7.htm,Six-month cash-flow statement; primary indexed table,Components are already in the net cash-flow totals; do not add both. Beginning cash is January 25.
N_DIV_CASH,NVIDIA Corporation,Consolidated six-month cash flows,cash dividends,6290,USD_million,2026-01-26/2026-07-26,reported,NCF,https://www.sec.gov/Archives/edgar/data/1045810/000104581026000075/R7.htm,Six-month cash-flow statement; primary indexed table,Components are already in the net cash-flow totals; do not add both. Beginning cash is January 25.
N_WITHHOLD,NVIDIA Corporation,Consolidated six-month cash flows,cash award-tax withholding,4531,USD_million,2026-01-26/2026-07-26,reported,NCF,https://www.sec.gov/Archives/edgar/data/1045810/000104581026000075/R7.htm,Six-month cash-flow statement; primary indexed table,Components are already in the net cash-flow totals; do not add both. Beginning cash is January 25.
N_CAPEX,NVIDIA Corporation,Consolidated six-month cash flows,purchases property equipment intangible assets,4434,USD_million,2026-01-26/2026-07-26,reported,NCF,https://www.sec.gov/Archives/edgar/data/1045810/000104581026000075/R7.htm,Six-month cash-flow statement; primary indexed table,Components are already in the net cash-flow totals; do not add both. Beginning cash is January 25.
N_REPAT_TAX,NVIDIA Corporation,Foreign liquidity,liquidity potentially triggering foreign/state tax on repatriation,1700,USD_million,2026-07-26,reported,NQ,https://www.sec.gov/Archives/edgar/data/1045810/000104581026000075/nvda-20260726.htm,July quarter 10-Q; notes 9–12 and liquidity; primary indexed text,"Approximately; not a deduction of the entire amount, taxes unspecified."
N_CP_AUTH,NVIDIA Corporation,Commercial paper program,capacity with no amount outstanding,25000,USD_million,2026-07-26,authorization,NQ,https://www.sec.gov/Archives/edgar/data/1045810/000104581026000075/nvda-20260726.htm,July quarter 10-Q; notes 9–12 and liquidity; primary indexed text,Not committed cash or debt drawn.
N_REPUR_AUTH,NVIDIA Corporation,Share repurchase authority,remaining authorization,99300,USD_million,2026-07-26,authorization,NQ,https://www.sec.gov/Archives/edgar/data/1045810/000104581026000075/nvda-20260726.htm,July quarter 10-Q; notes 9–12 and liquidity; primary indexed text,May suspend at discretion; not a fixed bill.
N_CLOUD_COMMIT,NVIDIA Corporation,AI-cloud service agreements,stated commitments,36000,USD_million,2026-07-26,contractual,NQ,https://www.sec.gov/Archives/edgar/data/1045810/000104581026000075/nvda-20260726.htm,July quarter 10-Q; notes 9–12 and liquidity; primary indexed text,Typically six years; reductions as capacity used by customers or NVIDIA; not all immediately payable or revenue.
N_SBE_CAP,NVIDIA Corporation,SB Energy credit support,conditional lifetime ceiling,105000,USD_million,2026-08-17,contractual,NSUPPORT,https://www.sec.gov/Archives/edgar/data/1045810/000104581026000069/nvda-20260817.htm,August 17 2026 current report; contingent phase-dependent credit support,"Not present debt, current active exposure, cash paid or expected loss. Preserve forward receipt boundary."
A_EQ_MARK,Conditional holder illustration,Conditional illustration,equity-only LP markdown,0.5,fraction,scenario anchored to specified reported balance,assumption,MODEL,/p/is-ai-a-bubble/research/holder-exposure-and-loss-absorption/#absorption,"Assumptions in the dated holder investigation; not observed losses, recoveries or collateral certificates",equity-only LP markdown.
A_SEC_MARK,Conditional holder illustration,Conditional illustration,combined-mark secured loan FV decline,0.2,fraction,scenario anchored to specified reported balance,assumption,MODEL,/p/is-ai-a-bubble/research/holder-exposure-and-loss-absorption/#absorption,"Assumptions in the dated holder investigation; not observed losses, recoveries or collateral certificates",combined-mark secured loan FV decline.
A_BOND_MARK,Conditional holder illustration,Conditional illustration,combined-mark unsecured bond FV decline,0.4,fraction,scenario anchored to specified reported balance,assumption,MODEL,/p/is-ai-a-bubble/research/holder-exposure-and-loss-absorption/#absorption,"Assumptions in the dated holder investigation; not observed losses, recoveries or collateral certificates",combined-mark unsecured bond FV decline.
A_LP_MARK,Conditional holder illustration,Conditional illustration,combined-mark LP FV decline,0.6,fraction,scenario anchored to specified reported balance,assumption,MODEL,/p/is-ai-a-bubble/research/holder-exposure-and-loss-absorption/#absorption,"Assumptions in the dated holder investigation; not observed losses, recoveries or collateral certificates",combined-mark LP FV decline.
A_SEC_REC,Conditional holder illustration,Conditional illustration,orderly-workout net recovery fraction of secured face,0.8,fraction,scenario anchored to specified reported balance,assumption,MODEL,/p/is-ai-a-bubble/research/holder-exposure-and-loss-absorption/#absorption,"Assumptions in the dated holder investigation; not observed losses, recoveries or collateral certificates",orderly-workout net recovery fraction of secured face.
A_BOND_REC,Conditional holder illustration,Conditional illustration,orderly-workout net recovery fraction of bond face,0.4,fraction,scenario anchored to specified reported balance,assumption,MODEL,/p/is-ai-a-bubble/research/holder-exposure-and-loss-absorption/#absorption,"Assumptions in the dated holder investigation; not observed losses, recoveries or collateral certificates",orderly-workout net recovery fraction of bond face.
A_OTHER_LOSS,Conditional holder illustration,Conditional illustration,additional unrelated portfolio loss; not an observed correlation,10,USD_million,scenario anchored to specified reported balance,assumption,MODEL,/p/is-ai-a-bubble/research/holder-exposure-and-loss-absorption/#absorption,"Assumptions in the dated holder investigation; not observed losses, recoveries or collateral certificates",additional unrelated portfolio loss; not an observed correlation.
A_FUTURE_BASE,Conditional holder illustration,Conditional illustration,hypothetical certified borrowing base; current certificate unavailable,8,USD_million,scenario anchored to specified reported balance,assumption,MODEL,/p/is-ai-a-bubble/research/holder-exposure-and-loss-absorption/#absorption,"Assumptions in the dated holder investigation; not observed losses, recoveries or collateral certificates",hypothetical valid borrowing-base calculation; current certificate unavailable.
A_SALE_DISCOUNT,Conditional holder illustration,Conditional illustration,sale discount for mathematical deleveraging sensitivity,0.1,fraction,scenario anchored to specified reported balance,assumption,MODEL,/p/is-ai-a-bubble/research/holder-exposure-and-loss-absorption/#absorption,"Assumptions in the dated holder investigation; not observed losses, recoveries or collateral certificates",sale discount for mathematical deleveraging sensitivity.
A_N_PRICE_MOVE,Conditional holder illustration,Conditional illustration,"fixed historical share block sensitivity, not a current price",10,USD_per_share,scenario anchored to specified reported balance,assumption,MODEL,/p/is-ai-a-bubble/research/holder-exposure-and-loss-absorption/#nvidia,"Assumptions in the dated holder investigation; not observed losses, recoveries or collateral certificates","fixed historical share block sensitivity, not a current price."
A_N_MARK,Conditional holder illustration,Conditional illustration,gross mark reduction in all July marketable equity; not all AI,0.1,fraction,scenario anchored to specified reported balance,assumption,MODEL,/p/is-ai-a-bubble/research/holder-exposure-and-loss-absorption/#nvidia,"Assumptions in the dated holder investigation; not observed losses, recoveries or collateral certificates",gross mark reduction in all July marketable equity; not all AI.
A_N_CALL,Conditional holder illustration,Conditional illustration,hypothetical gross future support cash call; not estimated activation,10000,USD_million,scenario anchored to specified reported balance,assumption,MODEL,/p/is-ai-a-bubble/research/holder-exposure-and-loss-absorption/#nvidia,"Assumptions in the dated holder investigation; not observed losses, recoveries or collateral certificates",hypothetical gross future support cash call; not estimated activation.
A_N_RECOVERY,Conditional holder illustration,Conditional illustration,hypothetical delayed recovery after cash call,4000,USD_million,scenario anchored to specified reported balance,assumption,MODEL,/p/is-ai-a-bubble/research/holder-exposure-and-loss-absorption/#nvidia,"Assumptions in the dated holder investigation; not observed losses, recoveries or collateral certificates",hypothetical delayed recovery after cash call.
A_FIG_MAXLOSS,Conditional holder illustration,Conditional illustration,"figure domain only, no probability distribution",45,USD_million,scenario anchored to specified reported balance,assumption,MODEL,/p/is-ai-a-bubble/research/holder-exposure-and-loss-absorption/#absorption,"Assumptions in the dated holder investigation; not observed losses, recoveries or collateral certificates","figure domain only, no probability distribution."
