id,entity,metric,value,unit,status,period,source_id,source_url,locator,notes
CW_REVENUE,CoreWeave consolidated,revenue,4653,USD_million,reported_inherited,2026-01-01 to 2026-06-30,CWQ,https://www.sec.gov/Archives/edgar/data/1769628/000176962826000366/crwv-20260630.htm,p.7 statements of operations,Not customer cash collections. Frozen R3 record CW01; original observation is not redated to October.
CW_OCF,CoreWeave consolidated,operating_cash_flow,3663,USD_million,reported_inherited,2026-01-01 to 2026-06-30,CWQ,https://www.sec.gov/Archives/edgar/data/1769628/000176962826000366/crwv-20260630.htm,p.10 cash flows,Consolidated; includes working capital and expensed cash interest. Frozen R3 record CW02; original observation is not redated to October.
CW_PPE,CoreWeave consolidated,cash_property_equipment,14117,USD_million,reported_inherited,2026-01-01 to 2026-06-30,CWQ,https://www.sec.gov/Archives/edgar/data/1769628/000176962826000366/crwv-20260630.htm,p.10 cash flows,Includes capitalized internal-use software; not an AI-only investment cohort. Frozen R3 record CW03; original observation is not redated to October.
CW_REPAY,CoreWeave consolidated,principal_repayments_cash,5219,USD_million,reported_inherited,2026-01-01 to 2026-06-30,CWQ,https://www.sec.gov/Archives/edgar/data/1769628/000176962826000366/crwv-20260630.htm,p.10 cash flows,All repayments; not scheduled recurring amortization alone. Frozen R3 record CW04; original observation is not redated to October.
CW_INTEREST,CoreWeave consolidated,cash_interest_net_capitalized,806,USD_million,reported_inherited,2026-01-01 to 2026-06-30,CWQ,https://www.sec.gov/Archives/edgar/data/1769628/000176962826000366/crwv-20260630.htm,p.10 cash flows; p.94 risk factors,"Cash operating interest, not contractual interest expense. Frozen R3 record CW05; original observation is not redated to October."
CW_CAPINT,CoreWeave consolidated,capitalized_cash_interest,176,USD_million,reported_inherited,2026-01-01 to 2026-06-30,CWQ,https://www.sec.gov/Archives/edgar/data/1769628/000176962826000366/crwv-20260630.htm,p.21 Note 5; p.94 risk factors,Risk-factor debt-service discussion explicitly includes this in interest payments. Frozen R3 record CW06; original observation is not redated to October.
CW_ICF,CoreWeave consolidated,investing_cash_flow,-14874,USD_million,reported_inherited,2026-01-01 to 2026-06-30,CWQ,https://www.sec.gov/Archives/edgar/data/1769628/000176962826000366/crwv-20260630.htm,p.10 cash flows,Signed cash flow. Frozen R3 record CW07; original observation is not redated to October.
CW_FCF,CoreWeave consolidated,financing_cash_flow,13985,USD_million,reported_inherited,2026-01-01 to 2026-06-30,CWQ,https://www.sec.gov/Archives/edgar/data/1769628/000176962826000366/crwv-20260630.htm,p.10 cash flows,Signed cash flow. Frozen R3 record CW08; original observation is not redated to October.
CW_DEBT_NET,CoreWeave consolidated,net_debt_issuance_proceeds,16747,USD_million,reported_inherited,2026-01-01 to 2026-06-30,CWQ,https://www.sec.gov/Archives/edgar/data/1769628/000176962826000366/crwv-20260630.htm,p.10 cash flows,Already in financing cash flow; not added again. Frozen R3 record CW09; original observation is not redated to October.
CW_EQUITY_NET,CoreWeave consolidated,equity_issuance_net,2982,USD_million,reported_inherited,2026-01-01 to 2026-06-30,CWQ,https://www.sec.gov/Archives/edgar/data/1769628/000176962826000366/crwv-20260630.htm,p.10 cash flows,"Private placements; financing, not customer demand. Frozen R3 record CW10; original observation is not redated to October."
CW_CAPCALL,CoreWeave consolidated,capped_call_purchases,492,USD_million,reported_inherited,2026-01-01 to 2026-06-30,CWQ,https://www.sec.gov/Archives/edgar/data/1769628/000176962826000366/crwv-20260630.htm,p.10 cash flows,Historical H1 outflow; distinct from September proposed capped calls. Frozen R3 record CW11; original observation is not redated to October.
CW_FIN_OTHER,CoreWeave consolidated,other_financing_outflow,33,USD_million,reported_inherited,2026-01-01 to 2026-06-30,CWQ,https://www.sec.gov/Archives/edgar/data/1769628/000176962826000366/crwv-20260630.htm,p.10 cash flows,Positive use of cash. Frozen R3 record CW12; original observation is not redated to October.
CW_AR_CHANGE,CoreWeave consolidated,accounts_receivable_cash_flow_change,607,USD_million,reported_inherited,2026-01-01 to 2026-06-30,CWQ,https://www.sec.gov/Archives/edgar/data/1769628/000176962826000366/crwv-20260630.htm,p.10 cash flows,Cash-flow adjustment net of acquisitions; not gross collections. Frozen R3 record CW13; original observation is not redated to October.
CW_DEFERRED_CHANGE,CoreWeave consolidated,deferred_revenue_cash_flow_change,1365,USD_million,reported_inherited,2026-01-01 to 2026-06-30,CWQ,https://www.sec.gov/Archives/edgar/data/1769628/000176962826000366/crwv-20260630.htm,p.10 cash flows,Not all gross advance payments; not mechanically stripped to claim recurring cash. Frozen R3 record CW14; original observation is not redated to October.
CW_PRIOR_ADV_RECOG,CoreWeave consolidated,revenue_from_opening_deferred,554,USD_million,reported_inherited,2026-01-01 to 2026-06-30,CWQ,https://www.sec.gov/Archives/edgar/data/1769628/000176962826000366/crwv-20260630.htm,p.15 Note 2,Recognition of a prior advance does not itself create another receipt. Frozen R3 record CW15; original observation is not redated to October.
CW_END,CoreWeave consolidated,cash_including_restricted,6904,USD_million,reported_inherited,2026-06-30,CWQ,https://www.sec.gov/Archives/edgar/data/1769628/000176962826000366/crwv-20260630.htm,"pp.4,10","Total including restricted accounts, not parent-unrestricted liquidity. Frozen R3 record CW16; original observation is not redated to October."
CW_START,CoreWeave consolidated,cash_including_restricted,4130,USD_million,reported_inherited,2025-12-31,CWQ,https://www.sec.gov/Archives/edgar/data/1769628/000176962826000366/crwv-20260630.htm,"pp.4,10",Beginning H1 total. Frozen R3 record CW17; original observation is not redated to October.
CW_UNRESTRICTED,CoreWeave consolidated,cash_and_equivalents,5524,USD_million,reported_inherited,2026-06-30,CWQ,https://www.sec.gov/Archives/edgar/data/1769628/000176962826000366/crwv-20260630.htm,p.4 balance sheet,Excludes separately reported restricted cash. Frozen R3 record CW18; original observation is not redated to October.
CW_RESTRICTED_CURRENT,CoreWeave consolidated,restricted_cash_current,873,USD_million,reported_inherited,2026-06-30,CWQ,https://www.sec.gov/Archives/edgar/data/1769628/000176962826000366/crwv-20260630.htm,p.4 balance sheet,Group-wide; not all DDTL 4 reserve. Frozen R3 record CW19; original observation is not redated to October.
CW_RESTRICTED_NONCURRENT,CoreWeave consolidated,restricted_cash_noncurrent,507,USD_million,reported_inherited,2026-06-30,CWQ,https://www.sec.gov/Archives/edgar/data/1769628/000176962826000366/crwv-20260630.htm,p.4 balance sheet,Group-wide; cannot assume usable for parent debt. Frozen R3 record CW20; original observation is not redated to October.
CW_PRINCIPAL,CoreWeave consolidated,debt_principal,35551,USD_million,reported_inherited,2026-06-30,CWQ,https://www.sec.gov/Archives/edgar/data/1769628/000176962826000366/crwv-20260630.htm,pp.27-28 Note 10,Face principal; not carrying amount. Frozen R3 record CW21; original observation is not redated to October.
CW_DEBT_CARRY,CoreWeave consolidated,debt_carrying_value,35068,USD_million,reported_inherited,2026-06-30,CWQ,https://www.sec.gov/Archives/edgar/data/1769628/000176962826000366/crwv-20260630.htm,p.27 Note 10,After discounts and issuance costs. Frozen R3 record CW22; original observation is not redated to October.
CW_DUE_2026,CoreWeave consolidated,principal_bucket_2026 remaining,4413,USD_million,reported_inherited,2026-06-30,CWQ,https://www.sec.gov/Archives/edgar/data/1769628/000176962826000366/crwv-20260630.htm,p.28 Note 10,Observed June 30 schedule; 2026 remaining. No quarterly interpolation or post-June roll-forward. Frozen R3 record CW26; original observation is not redated to October.
CW_DUE_2027,CoreWeave consolidated,principal_bucket_2027,6184,USD_million,reported_inherited,2026-06-30,CWQ,https://www.sec.gov/Archives/edgar/data/1769628/000176962826000366/crwv-20260630.htm,p.28 Note 10,Observed June 30 schedule; 2027. No quarterly interpolation or post-June roll-forward. Frozen R3 record CW27; original observation is not redated to October.
CW_DUE_2028,CoreWeave consolidated,principal_bucket_2028,4416,USD_million,reported_inherited,2026-06-30,CWQ,https://www.sec.gov/Archives/edgar/data/1769628/000176962826000366/crwv-20260630.htm,p.28 Note 10,Observed June 30 schedule; 2028. No quarterly interpolation or post-June roll-forward. Frozen R3 record CW28; original observation is not redated to October.
CW_DUE_2029,CoreWeave consolidated,principal_bucket_2029,2421,USD_million,reported_inherited,2026-06-30,CWQ,https://www.sec.gov/Archives/edgar/data/1769628/000176962826000366/crwv-20260630.htm,p.28 Note 10,Observed June 30 schedule; 2029. No quarterly interpolation or post-June roll-forward. Frozen R3 record CW29; original observation is not redated to October.
CW_DUE_2030,CoreWeave consolidated,principal_bucket_2030,3221,USD_million,reported_inherited,2026-06-30,CWQ,https://www.sec.gov/Archives/edgar/data/1769628/000176962826000366/crwv-20260630.htm,p.28 Note 10,Observed June 30 schedule; 2030. No quarterly interpolation or post-June roll-forward. Frozen R3 record CW30; original observation is not redated to October.
CW_DUE_LATER,CoreWeave consolidated,principal_bucket_thereafter,14896,USD_million,reported_inherited,2026-06-30,CWQ,https://www.sec.gov/Archives/edgar/data/1769628/000176962826000366/crwv-20260630.htm,p.28 Note 10,Observed June 30 schedule; thereafter. No quarterly interpolation or post-June roll-forward. Frozen R3 record CW31; original observation is not redated to October.
CW_CONTRACT_SHARE,CoreWeave consolidated,committed_contract_revenue_share,0.98,fraction,reported_inherited,2026-01-01 to 2026-06-30,CWQ,https://www.sec.gov/Archives/edgar/data/1769628/000176962826000366/crwv-20260630.htm,Note 2,"Revenue mix, not collected fixed cash; delivery and credits matter. Frozen R3 record CW34; original observation is not redated to October."
CS_START,Core Scientific consolidated,cash including restricted at start,311.378,USD_million,reported_actual,2025-12-31,CQ,https://www.sec.gov/Archives/edgar/data/1839341/000183934126000014/core-20260630.htm,Condensed consolidated cash flows pp.9–10,Source USD thousands converted exactly to USD millions.
CS_OCF,Core Scientific consolidated,operating cash flow,230.949,USD_million,reported_actual,2026-01-01 to 2026-06-30,CQ,https://www.sec.gov/Archives/edgar/data/1839341/000183934126000014/core-20260630.htm,Condensed consolidated cash flows pp.9–10,Source USD thousands converted exactly to USD millions.
CS_ICF,Core Scientific consolidated,investing cash flow,-1182.891,USD_million,reported_actual,2026-01-01 to 2026-06-30,CQ,https://www.sec.gov/Archives/edgar/data/1839341/000183934126000014/core-20260630.htm,Condensed consolidated cash flows pp.9–10,Source USD thousands converted exactly to USD millions.
CS_FCF,Core Scientific consolidated,financing cash flow,3191.955,USD_million,reported_actual,2026-01-01 to 2026-06-30,CQ,https://www.sec.gov/Archives/edgar/data/1839341/000183934126000014/core-20260630.htm,Condensed consolidated cash flows pp.9–10,Source USD thousands converted exactly to USD millions.
CS_END,Core Scientific consolidated,cash including restricted at end,2551.391,USD_million,reported_actual,2026-06-30,CQ,https://www.sec.gov/Archives/edgar/data/1839341/000183934126000014/core-20260630.htm,Condensed consolidated cash flows pp.9–10,Source USD thousands converted exactly to USD millions.
CS_PPE,Core Scientific consolidated,cash purchases property plant equipment,954.244,USD_million,reported_actual,2026-01-01 to 2026-06-30,CQ,https://www.sec.gov/Archives/edgar/data/1839341/000183934126000014/core-20260630.htm,Condensed consolidated cash flows pp.9–10,Source USD thousands converted exactly to USD millions.
CS_LAND,Core Scientific consolidated,cash land and development rights acquisitions,232.5,USD_million,reported_actual,2026-01-01 to 2026-06-30,CQ,https://www.sec.gov/Archives/edgar/data/1839341/000183934126000014/core-20260630.htm,Condensed consolidated cash flows pp.9–10,Source USD thousands converted exactly to USD millions.
CS_ASSETSALE,Core Scientific consolidated,cash proceeds from asset sales,3.927,USD_million,reported_actual,2026-01-01 to 2026-06-30,CQ,https://www.sec.gov/Archives/edgar/data/1839341/000183934126000014/core-20260630.htm,Condensed consolidated cash flows pp.9–10,Source USD thousands converted exactly to USD millions.
CS_ICF_OTHER,Core Scientific consolidated,other investing cash use,0.074,USD_million,reported_actual,2026-01-01 to 2026-06-30,CQ,https://www.sec.gov/Archives/edgar/data/1839341/000183934126000014/core-20260630.htm,Condensed consolidated cash flows pp.9–10,Source USD thousands converted exactly to USD millions.
CS_DEBT_GROSS,Core Scientific consolidated,cash debt proceeds before separately paid issuance costs,4275.25,USD_million,reported_actual,2026-01-01 to 2026-06-30,CQ,https://www.sec.gov/Archives/edgar/data/1839341/000183934126000014/core-20260630.htm,Condensed consolidated cash flows pp.9–10,Source USD thousands converted exactly to USD millions.
CS_BRIDGE_REPAY,Core Scientific consolidated,bridge extinguishment cash,1000,USD_million,reported_actual,2026-01-01 to 2026-06-30,CQ,https://www.sec.gov/Archives/edgar/data/1839341/000183934126000014/core-20260630.htm,Condensed consolidated cash flows pp.9–10,Source USD thousands converted exactly to USD millions.
CS_ISSUANCE_COSTS,Core Scientific consolidated,period cash debt issuance costs,48.143,USD_million,reported_actual,2026-01-01 to 2026-06-30,CQ,https://www.sec.gov/Archives/edgar/data/1839341/000183934126000014/core-20260630.htm,Condensed consolidated cash flows pp.9–10,Source USD thousands converted exactly to USD millions.
CS_RSU_TAX,Core Scientific consolidated,cash equity withholding,35.31,USD_million,reported_actual,2026-01-01 to 2026-06-30,CQ,https://www.sec.gov/Archives/edgar/data/1839341/000183934126000014/core-20260630.htm,Condensed consolidated cash flows pp.9–10,Source USD thousands converted exactly to USD millions.
CS_FIN_OTHER,Core Scientific consolidated,other financing cash inflow,0.158,USD_million,reported_actual,2026-01-01 to 2026-06-30,CQ,https://www.sec.gov/Archives/edgar/data/1839341/000183934126000014/core-20260630.htm,Condensed consolidated cash flows pp.9–10,Source USD thousands converted exactly to USD millions.
CS_UNRESTRICTED,Core Scientific consolidated,cash equivalents excluding separately reported restrictions,1769.735,USD_million,reported_actual,2026-06-30,CQ,https://www.sec.gov/Archives/edgar/data/1839341/000183934126000014/core-20260630.htm,Condensed consolidated cash flows pp.9–10,Source USD thousands converted exactly to USD millions.
CS_RESTRICTED_CURRENT,Core Scientific consolidated,restricted current cash,165.745,USD_million,reported_actual,2026-06-30,CQ,https://www.sec.gov/Archives/edgar/data/1839341/000183934126000014/core-20260630.htm,Condensed consolidated cash flows pp.9–10,Source USD thousands converted exactly to USD millions.
CS_RESTRICTED_NONCURRENT,Core Scientific consolidated,restricted noncurrent cash,615.911,USD_million,reported_actual,2026-06-30,CQ,https://www.sec.gov/Archives/edgar/data/1839341/000183934126000014/core-20260630.htm,Condensed consolidated cash flows pp.9–10,Source USD thousands converted exactly to USD millions.
CS_NET_LOSS,Core Scientific consolidated,reported net loss,-1502.498,USD_million,reported_actual,2026-01-01 to 2026-06-30,CQ,https://www.sec.gov/Archives/edgar/data/1839341/000183934126000014/core-20260630.htm,Condensed consolidated cash flows pp.9–10,Source USD thousands converted exactly to USD millions.
CS_WARRANT_MARK,Core Scientific consolidated,noncash warrant and contingent right change,1076.314,USD_million,reported_actual,2026-01-01 to 2026-06-30,CQ,https://www.sec.gov/Archives/edgar/data/1839341/000183934126000014/core-20260630.htm,Condensed consolidated cash flows pp.9–10,Source USD thousands converted exactly to USD millions.
CS_IMPAIR,Core Scientific consolidated,PPE impairment,266.488,USD_million,reported_actual,2026-01-01 to 2026-06-30,CQ,https://www.sec.gov/Archives/edgar/data/1839341/000183934126000014/core-20260630.htm,Condensed consolidated cash flows pp.9–10,Source USD thousands converted exactly to USD millions.
CS_BTC_SALES,Core Scientific consolidated,operating proceeds from self-mined digital asset sales,208.249,USD_million,reported_actual,2026-01-01 to 2026-06-30,CQ,https://www.sec.gov/Archives/edgar/data/1839341/000183934126000014/core-20260630.htm,Condensed consolidated cash flows pp.9–10,Source USD thousands converted exactly to USD millions.
CS_CASH_INTEREST,Core Scientific consolidated,cash interest net of capitalization,12.846,USD_million,reported_actual,2026-01-01 to 2026-06-30,CQ,https://www.sec.gov/Archives/edgar/data/1839341/000183934126000014/core-20260630.htm,Condensed consolidated cash flows pp.9–10,Source USD thousands converted exactly to USD millions.
CS_CASH_TAX,Core Scientific consolidated,cash taxes,0.652,USD_million,reported_actual,2026-01-01 to 2026-06-30,CQ,https://www.sec.gov/Archives/edgar/data/1839341/000183934126000014/core-20260630.htm,Condensed consolidated cash flows pp.9–10,Source USD thousands converted exactly to USD millions.
CS_UNPAID_PPE,Core Scientific consolidated,PPE included in accounts payable and accruals,127.52,USD_million,reported_actual,2026-06-30,CQ,https://www.sec.gov/Archives/edgar/data/1839341/000183934126000014/core-20260630.htm,Condensed consolidated cash flows pp.9–10,Source USD thousands converted exactly to USD millions.
CS_DEFERRED_CF,Core Scientific consolidated,cash flow deferred colocation revenue adjustment,98.409,USD_million,reported_actual,2026-01-01 to 2026-06-30,CQ,https://www.sec.gov/Archives/edgar/data/1839341/000183934126000014/core-20260630.htm,Condensed consolidated cash flows pp.9–10,Source USD thousands converted exactly to USD millions.
CS_ADV_START,Core Scientific consolidated,colocation deferred revenue opening balance,553.878,USD_million,reported_actual,2026-01-01 to 2026-06-30,CQ,https://www.sec.gov/Archives/edgar/data/1839341/000183934126000014/core-20260630.htm,Note 3 deferred revenue roll-forward,Source USD thousands converted exactly to USD millions. Recognition and cash are separate entries; billed/earned release is not a second collection.
CS_ADV_RECEIPT,Core Scientific consolidated,colocation deferred revenue cash received,181.149,USD_million,reported_actual,2026-01-01 to 2026-06-30,CQ,https://www.sec.gov/Archives/edgar/data/1839341/000183934126000014/core-20260630.htm,Note 3 deferred revenue roll-forward,Source USD thousands converted exactly to USD millions. Recognition and cash are separate entries; billed/earned release is not a second collection.
CS_ADV_EARNED,Core Scientific consolidated,colocation deferred revenue billed and earned release,58.71,USD_million,reported_actual,2026-01-01 to 2026-06-30,CQ,https://www.sec.gov/Archives/edgar/data/1839341/000183934126000014/core-20260630.htm,Note 3 deferred revenue roll-forward,Source USD thousands converted exactly to USD millions. Recognition and cash are separate entries; billed/earned release is not a second collection.
CS_ADV_NONCASH,Core Scientific consolidated,straight line noncash base fees earned not billed,24.029,USD_million,reported_actual,2026-01-01 to 2026-06-30,CQ,https://www.sec.gov/Archives/edgar/data/1839341/000183934126000014/core-20260630.htm,Note 3 deferred revenue roll-forward,Source USD thousands converted exactly to USD millions. Recognition and cash are separate entries; billed/earned release is not a second collection.
CS_ADV_END,Core Scientific consolidated,colocation deferred revenue ending balance,652.288,USD_million,reported_actual,2026-06-30,CQ,https://www.sec.gov/Archives/edgar/data/1839341/000183934126000014/core-20260630.htm,Note 3 deferred revenue roll-forward,Source USD thousands converted exactly to USD millions. Recognition and cash are separate entries; billed/earned release is not a second collection.
CS_LEASE_2026,Core Scientific consolidated,expected received operating lease payments remaining 2026,132.281,USD_million,disclosed_future_schedule,Schedule as of 2026-06-30,CQ,https://www.sec.gov/Archives/edgar/data/1839341/000183934126000014/core-20260630.htm,"Note 6 lessor accounting, future receipts",Source USD thousands converted exactly to USD millions. Commenced leases only; excludes uncommenced contracts and is not added to the April project illustration.
CS_LEASE_2027,Core Scientific consolidated,expected received operating lease payments 2027,271.468,USD_million,disclosed_future_schedule,Schedule as of 2026-06-30,CQ,https://www.sec.gov/Archives/edgar/data/1839341/000183934126000014/core-20260630.htm,"Note 6 lessor accounting, future receipts",Source USD thousands converted exactly to USD millions. Commenced leases only; excludes uncommenced contracts and is not added to the April project illustration.
CS_LEASE_2028,Core Scientific consolidated,expected received operating lease payments 2028,368.963,USD_million,disclosed_future_schedule,Schedule as of 2026-06-30,CQ,https://www.sec.gov/Archives/edgar/data/1839341/000183934126000014/core-20260630.htm,"Note 6 lessor accounting, future receipts",Source USD thousands converted exactly to USD millions. Commenced leases only; excludes uncommenced contracts and is not added to the April project illustration.
CS_LEASE_2029,Core Scientific consolidated,expected received operating lease payments 2029,527.771,USD_million,disclosed_future_schedule,Schedule as of 2026-06-30,CQ,https://www.sec.gov/Archives/edgar/data/1839341/000183934126000014/core-20260630.htm,"Note 6 lessor accounting, future receipts",Source USD thousands converted exactly to USD millions. Commenced leases only; excludes uncommenced contracts and is not added to the April project illustration.
CS_LEASE_2030,Core Scientific consolidated,expected received operating lease payments 2030,546.112,USD_million,disclosed_future_schedule,Schedule as of 2026-06-30,CQ,https://www.sec.gov/Archives/edgar/data/1839341/000183934126000014/core-20260630.htm,"Note 6 lessor accounting, future receipts",Source USD thousands converted exactly to USD millions. Commenced leases only; excludes uncommenced contracts and is not added to the April project illustration.
CS_LEASE_LATER,Core Scientific consolidated,expected received operating lease payments thereafter,4241.072,USD_million,disclosed_future_schedule,Schedule as of 2026-06-30,CQ,https://www.sec.gov/Archives/edgar/data/1839341/000183934126000014/core-20260630.htm,"Note 6 lessor accounting, future receipts",Source USD thousands converted exactly to USD millions. Commenced leases only; excludes uncommenced contracts and is not added to the April project illustration.
CS_LEASE_TOTAL,Core Scientific consolidated,expected received operating lease payments total,6087.667,USD_million,disclosed_future_schedule,Schedule as of 2026-06-30,CQ,https://www.sec.gov/Archives/edgar/data/1839341/000183934126000014/core-20260630.htm,"Note 6 lessor accounting, future receipts",Source USD thousands converted exactly to USD millions. Commenced leases only; excludes uncommenced contracts and is not added to the April project illustration.
CS_H1_COLOC_REV,Core Scientific consolidated,colocation revenue,214.208,USD_million,reported_actual,2026-01-01 to 2026-06-30,CQ,https://www.sec.gov/Archives/edgar/data/1839341/000183934126000014/core-20260630.htm,Note 14 segment results and Note 6,"Source USD thousands converted exactly to USD millions. Accrual measure, not full cash or project owner return."
CS_H1_LICENSE,Core Scientific consolidated,base operating lease revenue,158.008,USD_million,reported_actual,2026-01-01 to 2026-06-30,CQ,https://www.sec.gov/Archives/edgar/data/1839341/000183934126000014/core-20260630.htm,Note 14 segment results and Note 6,"Source USD thousands converted exactly to USD millions. Accrual measure, not full cash or project owner return."
CS_H1_POWER,Core Scientific consolidated,matching power revenue and cost,56.132,USD_million,reported_actual,2026-01-01 to 2026-06-30,CQ,https://www.sec.gov/Archives/edgar/data/1839341/000183934126000014/core-20260630.htm,Note 14 segment results and Note 6,"Source USD thousands converted exactly to USD millions. Accrual measure, not full cash or project owner return."
CS_H1_OTHER_REV,Core Scientific consolidated,maintenance and other service revenue,0.068,USD_million,reported_actual,2026-01-01 to 2026-06-30,CQ,https://www.sec.gov/Archives/edgar/data/1839341/000183934126000014/core-20260630.htm,Note 14 segment results and Note 6,"Source USD thousands converted exactly to USD millions. Accrual measure, not full cash or project owner return."
CS_H1_COLOC_COST,Core Scientific consolidated,colocation cost of revenue,90.304,USD_million,reported_actual,2026-01-01 to 2026-06-30,CQ,https://www.sec.gov/Archives/edgar/data/1839341/000183934126000014/core-20260630.htm,Note 14 segment results and Note 6,"Source USD thousands converted exactly to USD millions. Accrual measure, not full cash or project owner return."
CS_H1_DEPR,Core Scientific consolidated,colocation depreciation,6.696,USD_million,reported_actual,2026-01-01 to 2026-06-30,CQ,https://www.sec.gov/Archives/edgar/data/1839341/000183934126000014/core-20260630.htm,Note 14 segment results and Note 6,"Source USD thousands converted exactly to USD millions. Accrual measure, not full cash or project owner return."
CS_H1_COMP,Core Scientific consolidated,colocation compensation,7.787,USD_million,reported_actual,2026-01-01 to 2026-06-30,CQ,https://www.sec.gov/Archives/edgar/data/1839341/000183934126000014/core-20260630.htm,Note 14 segment results and Note 6,"Source USD thousands converted exactly to USD millions. Accrual measure, not full cash or project owner return."
CS_H1_FACILITY,Core Scientific consolidated,colocation facility costs,17.136,USD_million,reported_actual,2026-01-01 to 2026-06-30,CQ,https://www.sec.gov/Archives/edgar/data/1839341/000183934126000014/core-20260630.htm,Note 14 segment results and Note 6,"Source USD thousands converted exactly to USD millions. Accrual measure, not full cash or project owner return."
CS_H1_OTHER_COST,Core Scientific consolidated,other colocation costs,2.553,USD_million,reported_actual,2026-01-01 to 2026-06-30,CQ,https://www.sec.gov/Archives/edgar/data/1839341/000183934126000014/core-20260630.htm,Note 14 segment results and Note 6,"Source USD thousands converted exactly to USD millions. Accrual measure, not full cash or project owner return."
CS_Q2_COLOC_REV,Core Scientific consolidated,colocation revenue Q2,136.669,USD_million,reported_actual,2026-04-01 to 2026-06-30,CQ,https://www.sec.gov/Archives/edgar/data/1839341/000183934126000014/core-20260630.htm,Note 14 segment results and Note 6,"Source USD thousands converted exactly to USD millions. Accrual measure, not full cash or project owner return."
CS_Q2_POWER,Core Scientific consolidated,matching power revenue and cost Q2,35.073,USD_million,reported_actual,2026-04-01 to 2026-06-30,CQ,https://www.sec.gov/Archives/edgar/data/1839341/000183934126000014/core-20260630.htm,Note 14 segment results and Note 6,"Source USD thousands converted exactly to USD millions. Accrual measure, not full cash or project owner return."
CS_Q2_COLOC_COST,Core Scientific consolidated,colocation cost of revenue Q2,56.686,USD_million,reported_actual,2026-04-01 to 2026-06-30,CQ,https://www.sec.gov/Archives/edgar/data/1839341/000183934126000014/core-20260630.htm,Note 14 segment results and Note 6,"Source USD thousands converted exactly to USD millions. Accrual measure, not full cash or project owner return."
CS_Q2_DEPR,Core Scientific consolidated,colocation depreciation Q2,4.621,USD_million,reported_actual,2026-04-01 to 2026-06-30,CQ,https://www.sec.gov/Archives/edgar/data/1839341/000183934126000014/core-20260630.htm,Note 14 segment results and Note 6,"Source USD thousands converted exactly to USD millions. Accrual measure, not full cash or project owner return."
CS_PRINCIPAL_2029,Core Scientific Finance I LLC,scheduled notes amortization assuming November 15 2029 start,189.75,USD_million,disclosed_future_schedule,Schedule as of 2026-06-30,CQ,https://www.sec.gov/Archives/edgar/data/1839341/000183934126000014/core-20260630.htm,Note 7 debt and contractual maturities,Source USD thousands converted exactly to USD millions. Issuer note maturity and parent convertible maturities remain separate claims.
CS_PRINCIPAL_2030,Core Scientific Finance I LLC,scheduled notes amortization 2030 on assumed start,379.5,USD_million,disclosed_future_schedule,Schedule as of 2026-06-30,CQ,https://www.sec.gov/Archives/edgar/data/1839341/000183934126000014/core-20260630.htm,Note 7 debt and contractual maturities,Source USD thousands converted exactly to USD millions. Issuer note maturity and parent convertible maturities remain separate claims.
CS_PRINCIPAL_LATER,Core Scientific Finance I LLC,remaining notes principal at final maturity on assumed start,2730.75,USD_million,disclosed_future_schedule,Schedule as of 2026-06-30,CQ,https://www.sec.gov/Archives/edgar/data/1839341/000183934126000014/core-20260630.htm,Note 7 debt and contractual maturities,Source USD thousands converted exactly to USD millions. Issuer note maturity and parent convertible maturities remain separate claims.
CS_CONVERT_2029,Core Scientific consolidated,parent convertible face due September 1 2029 unless converted etc,460,USD_million,disclosed_future_schedule,Schedule as of 2026-06-30,CQ,https://www.sec.gov/Archives/edgar/data/1839341/000183934126000014/core-20260630.htm,Note 7 debt and contractual maturities,Source USD thousands converted exactly to USD millions. Issuer note maturity and parent convertible maturities remain separate claims.
CS_CONVERT_2031,Core Scientific consolidated,parent convertible face due June 15 2031 unless converted etc,625,USD_million,disclosed_future_schedule,Schedule as of 2026-06-30,CQ,https://www.sec.gov/Archives/edgar/data/1839341/000183934126000014/core-20260630.htm,Note 7 debt and contractual maturities,Source USD thousands converted exactly to USD millions. Issuer note maturity and parent convertible maturities remain separate claims.
CS_RESERVE,Core Scientific Finance I LLC,debt service reserve within restricted cash,344.8,USD_million,reported_actual,2026-06-30,CQ,https://www.sec.gov/Archives/edgar/data/1839341/000183934126000014/core-20260630.htm,Note 7 Senior Secured Notes,Not assumed unspent in 2027; scenario separately names this as a reference scale.
CS_UNCOMMENCED,Core Scientific consolidated,excluded uncommenced lease receipts,3100,USD_million,disclosed_future_schedule,2026-06-30,CQ,https://www.sec.gov/Archives/edgar/data/1839341/000183934126000014/core-20260630.htm,Note 6 future receipts footnote,"Rounded; approximately 12-year terms after commencement, not annual cash."
CS_BILLING_MW,Core Scientific colocation portfolio,capacity billing,395,MW_IT,reported_actual,2026-06-30,CQ,https://www.sec.gov/Archives/edgar/data/1839341/000183934126000014/core-20260630.htm,MD&A business developments,"Paid billing stage, not utilization or delivery of all leased capacity."
CS_CONTRACT_MW,Core Scientific colocation portfolio,licensed capacity,590,MW_IT,reported_actual,2026-06-30,CQ,https://www.sec.gov/Archives/edgar/data/1839341/000183934126000014/core-20260630.htm,MD&A business developments,"Rounded portfolio total, not all in service."
P_REV_2026,Core Scientific Finance and project subsidiaries,REV,737,USD_million,issuer_illustration,2026,SUP,https://www.sec.gov/Archives/edgar/data/1839341/000119312526165121/d149019dex992.htm,Illustrative Financial Information table and footnotes 1–8 (PDF p.17),"April illustration, not actuals; original rounded cells are retained. Cash basis includes matching utility pass-through."
P_REV_2027,Core Scientific Finance and project subsidiaries,REV,1346,USD_million,issuer_illustration,2027,SUP,https://www.sec.gov/Archives/edgar/data/1839341/000119312526165121/d149019dex992.htm,Illustrative Financial Information table and footnotes 1–8 (PDF p.17),"April illustration, not actuals; original rounded cells are retained. Cash basis includes matching utility pass-through."
P_REV_2028,Core Scientific Finance and project subsidiaries,REV,1396,USD_million,issuer_illustration,2028,SUP,https://www.sec.gov/Archives/edgar/data/1839341/000119312526165121/d149019dex992.htm,Illustrative Financial Information table and footnotes 1–8 (PDF p.17),"April illustration, not actuals; original rounded cells are retained. Cash basis includes matching utility pass-through."
P_REV_2029,Core Scientific Finance and project subsidiaries,REV,1420,USD_million,issuer_illustration,2029,SUP,https://www.sec.gov/Archives/edgar/data/1839341/000119312526165121/d149019dex992.htm,Illustrative Financial Information table and footnotes 1–8 (PDF p.17),"April illustration, not actuals; original rounded cells are retained. Cash basis includes matching utility pass-through."
P_REV_2030,Core Scientific Finance and project subsidiaries,REV,1447,USD_million,issuer_illustration,2030,SUP,https://www.sec.gov/Archives/edgar/data/1839341/000119312526165121/d149019dex992.htm,Illustrative Financial Information table and footnotes 1–8 (PDF p.17),"April illustration, not actuals; original rounded cells are retained. Cash basis includes matching utility pass-through."
P_REV_2031,Core Scientific Finance and project subsidiaries,REV,1448,USD_million,issuer_illustration,2031,SUP,https://www.sec.gov/Archives/edgar/data/1839341/000119312526165121/d149019dex992.htm,Illustrative Financial Information table and footnotes 1–8 (PDF p.17),"April illustration, not actuals; original rounded cells are retained. Cash basis includes matching utility pass-through."
P_OPEX_2026,Core Scientific Finance and project subsidiaries,OPEX,418,USD_million,issuer_illustration,2026,SUP,https://www.sec.gov/Archives/edgar/data/1839341/000119312526165121/d149019dex992.htm,Illustrative Financial Information table and footnotes 1–8 (PDF p.17),"April illustration, not actuals; original rounded cells are retained. Includes power pass-through; not the tenant GPU and contributed-asset costs."
P_OPEX_2027,Core Scientific Finance and project subsidiaries,OPEX,761,USD_million,issuer_illustration,2027,SUP,https://www.sec.gov/Archives/edgar/data/1839341/000119312526165121/d149019dex992.htm,Illustrative Financial Information table and footnotes 1–8 (PDF p.17),"April illustration, not actuals; original rounded cells are retained. Includes power pass-through; not the tenant GPU and contributed-asset costs."
P_OPEX_2028,Core Scientific Finance and project subsidiaries,OPEX,779,USD_million,issuer_illustration,2028,SUP,https://www.sec.gov/Archives/edgar/data/1839341/000119312526165121/d149019dex992.htm,Illustrative Financial Information table and footnotes 1–8 (PDF p.17),"April illustration, not actuals; original rounded cells are retained. Includes power pass-through; not the tenant GPU and contributed-asset costs."
P_OPEX_2029,Core Scientific Finance and project subsidiaries,OPEX,782,USD_million,issuer_illustration,2029,SUP,https://www.sec.gov/Archives/edgar/data/1839341/000119312526165121/d149019dex992.htm,Illustrative Financial Information table and footnotes 1–8 (PDF p.17),"April illustration, not actuals; original rounded cells are retained. Includes power pass-through; not the tenant GPU and contributed-asset costs."
P_OPEX_2030,Core Scientific Finance and project subsidiaries,OPEX,787,USD_million,issuer_illustration,2030,SUP,https://www.sec.gov/Archives/edgar/data/1839341/000119312526165121/d149019dex992.htm,Illustrative Financial Information table and footnotes 1–8 (PDF p.17),"April illustration, not actuals; original rounded cells are retained. Includes power pass-through; not the tenant GPU and contributed-asset costs."
P_OPEX_2031,Core Scientific Finance and project subsidiaries,OPEX,775,USD_million,issuer_illustration,2031,SUP,https://www.sec.gov/Archives/edgar/data/1839341/000119312526165121/d149019dex992.htm,Illustrative Financial Information table and footnotes 1–8 (PDF p.17),"April illustration, not actuals; original rounded cells are retained. Includes power pass-through; not the tenant GPU and contributed-asset costs."
P_NOI_2026,Core Scientific Finance and project subsidiaries,NOI,319,USD_million,issuer_illustration,2026,SUP,https://www.sec.gov/Archives/edgar/data/1839341/000119312526165121/d149019dex992.htm,Illustrative Financial Information table and footnotes 1–8 (PDF p.17),"April illustration, not actuals; original rounded cells are retained. Net operating income; not all-owner cash."
P_NOI_2027,Core Scientific Finance and project subsidiaries,NOI,585,USD_million,issuer_illustration,2027,SUP,https://www.sec.gov/Archives/edgar/data/1839341/000119312526165121/d149019dex992.htm,Illustrative Financial Information table and footnotes 1–8 (PDF p.17),"April illustration, not actuals; original rounded cells are retained. Net operating income; not all-owner cash."
P_NOI_2028,Core Scientific Finance and project subsidiaries,NOI,616,USD_million,issuer_illustration,2028,SUP,https://www.sec.gov/Archives/edgar/data/1839341/000119312526165121/d149019dex992.htm,Illustrative Financial Information table and footnotes 1–8 (PDF p.17),"April illustration, not actuals; original rounded cells are retained. Net operating income; not all-owner cash."
P_NOI_2029,Core Scientific Finance and project subsidiaries,NOI,638,USD_million,issuer_illustration,2029,SUP,https://www.sec.gov/Archives/edgar/data/1839341/000119312526165121/d149019dex992.htm,Illustrative Financial Information table and footnotes 1–8 (PDF p.17),"April illustration, not actuals; original rounded cells are retained. Net operating income; not all-owner cash."
P_NOI_2030,Core Scientific Finance and project subsidiaries,NOI,660,USD_million,issuer_illustration,2030,SUP,https://www.sec.gov/Archives/edgar/data/1839341/000119312526165121/d149019dex992.htm,Illustrative Financial Information table and footnotes 1–8 (PDF p.17),"April illustration, not actuals; original rounded cells are retained. Net operating income; not all-owner cash."
P_NOI_2031,Core Scientific Finance and project subsidiaries,NOI,672,USD_million,issuer_illustration,2031,SUP,https://www.sec.gov/Archives/edgar/data/1839341/000119312526165121/d149019dex992.htm,Illustrative Financial Information table and footnotes 1–8 (PDF p.17),"April illustration, not actuals; original rounded cells are retained. Net operating income; not all-owner cash."
P_OTHER_2026,Core Scientific Finance and project subsidiaries,OTHER,165,USD_million,issuer_illustration,2026,SUP,https://www.sec.gov/Archives/edgar/data/1839341/000119312526165121/d149019dex992.htm,Illustrative Financial Information table and footnotes 1–8 (PDF p.17),"April illustration, not actuals; original rounded cells are retained. Includes tenant repayments and maintenance capital; split undisclosed."
P_OTHER_2027,Core Scientific Finance and project subsidiaries,OTHER,301,USD_million,issuer_illustration,2027,SUP,https://www.sec.gov/Archives/edgar/data/1839341/000119312526165121/d149019dex992.htm,Illustrative Financial Information table and footnotes 1–8 (PDF p.17),"April illustration, not actuals; original rounded cells are retained. Includes tenant repayments and maintenance capital; split undisclosed."
P_OTHER_2028,Core Scientific Finance and project subsidiaries,OTHER,237,USD_million,issuer_illustration,2028,SUP,https://www.sec.gov/Archives/edgar/data/1839341/000119312526165121/d149019dex992.htm,Illustrative Financial Information table and footnotes 1–8 (PDF p.17),"April illustration, not actuals; original rounded cells are retained. Includes tenant repayments and maintenance capital; split undisclosed."
P_OTHER_2029,Core Scientific Finance and project subsidiaries,OTHER,33,USD_million,issuer_illustration,2029,SUP,https://www.sec.gov/Archives/edgar/data/1839341/000119312526165121/d149019dex992.htm,Illustrative Financial Information table and footnotes 1–8 (PDF p.17),"April illustration, not actuals; original rounded cells are retained. Includes tenant repayments and maintenance capital; split undisclosed."
P_OTHER_2030,Core Scientific Finance and project subsidiaries,OTHER,7,USD_million,issuer_illustration,2030,SUP,https://www.sec.gov/Archives/edgar/data/1839341/000119312526165121/d149019dex992.htm,Illustrative Financial Information table and footnotes 1–8 (PDF p.17),"April illustration, not actuals; original rounded cells are retained. Includes tenant repayments and maintenance capital; split undisclosed."
P_OTHER_2031,Core Scientific Finance and project subsidiaries,OTHER,10,USD_million,issuer_illustration,2031,SUP,https://www.sec.gov/Archives/edgar/data/1839341/000119312526165121/d149019dex992.htm,Illustrative Financial Information table and footnotes 1–8 (PDF p.17),"April illustration, not actuals; original rounded cells are retained. Includes tenant repayments and maintenance capital; split undisclosed."
P_INTEREST_2026,Core Scientific Finance and project subsidiaries,INTEREST,147,USD_million,issuer_illustration,2026,SUP,https://www.sec.gov/Archives/edgar/data/1839341/000119312526165121/d149019dex992.htm,Illustrative Financial Information table and footnotes 1–8 (PDF p.17),"April illustration, not actuals; original rounded cells are retained. Assumed 8.25% coupon; excludes specified construction interest and future debt."
P_INTEREST_2027,Core Scientific Finance and project subsidiaries,INTEREST,261,USD_million,issuer_illustration,2027,SUP,https://www.sec.gov/Archives/edgar/data/1839341/000119312526165121/d149019dex992.htm,Illustrative Financial Information table and footnotes 1–8 (PDF p.17),"April illustration, not actuals; original rounded cells are retained. Assumed 8.25% coupon; excludes specified construction interest and future debt."
P_INTEREST_2028,Core Scientific Finance and project subsidiaries,INTEREST,261,USD_million,issuer_illustration,2028,SUP,https://www.sec.gov/Archives/edgar/data/1839341/000119312526165121/d149019dex992.htm,Illustrative Financial Information table and footnotes 1–8 (PDF p.17),"April illustration, not actuals; original rounded cells are retained. Assumed 8.25% coupon; excludes specified construction interest and future debt."
P_INTEREST_2029,Core Scientific Finance and project subsidiaries,INTEREST,255,USD_million,issuer_illustration,2029,SUP,https://www.sec.gov/Archives/edgar/data/1839341/000119312526165121/d149019dex992.htm,Illustrative Financial Information table and footnotes 1–8 (PDF p.17),"April illustration, not actuals; original rounded cells are retained. Assumed 8.25% coupon; excludes specified construction interest and future debt."
P_INTEREST_2030,Core Scientific Finance and project subsidiaries,INTEREST,225,USD_million,issuer_illustration,2030,SUP,https://www.sec.gov/Archives/edgar/data/1839341/000119312526165121/d149019dex992.htm,Illustrative Financial Information table and footnotes 1–8 (PDF p.17),"April illustration, not actuals; original rounded cells are retained. Assumed 8.25% coupon; excludes specified construction interest and future debt."
P_INTEREST_2031,Core Scientific Finance and project subsidiaries,INTEREST,194,USD_million,issuer_illustration,2031,SUP,https://www.sec.gov/Archives/edgar/data/1839341/000119312526165121/d149019dex992.htm,Illustrative Financial Information table and footnotes 1–8 (PDF p.17),"April illustration, not actuals; original rounded cells are retained. Assumed 8.25% coupon; excludes specified construction interest and future debt."
P_AMORT_2026,Core Scientific Finance and project subsidiaries,AMORT,0,USD_million,issuer_illustration,2026,SUP,https://www.sec.gov/Archives/edgar/data/1839341/000119312526165121/d149019dex992.htm,Illustrative Financial Information table and footnotes 1–8 (PDF p.17),"April illustration, not actuals; original rounded cells are retained. Pre-pricing illustration; replaced only within the R10 counterfactual by executed terms and June start assumption."
P_AMORT_2027,Core Scientific Finance and project subsidiaries,AMORT,0,USD_million,issuer_illustration,2027,SUP,https://www.sec.gov/Archives/edgar/data/1839341/000119312526165121/d149019dex992.htm,Illustrative Financial Information table and footnotes 1–8 (PDF p.17),"April illustration, not actuals; original rounded cells are retained. Pre-pricing illustration; replaced only within the R10 counterfactual by executed terms and June start assumption."
P_AMORT_2028,Core Scientific Finance and project subsidiaries,AMORT,0,USD_million,issuer_illustration,2028,SUP,https://www.sec.gov/Archives/edgar/data/1839341/000119312526165121/d149019dex992.htm,Illustrative Financial Information table and footnotes 1–8 (PDF p.17),"April illustration, not actuals; original rounded cells are retained. Pre-pricing illustration; replaced only within the R10 counterfactual by executed terms and June start assumption."
P_AMORT_2029,Core Scientific Finance and project subsidiaries,AMORT,254,USD_million,issuer_illustration,2029,SUP,https://www.sec.gov/Archives/edgar/data/1839341/000119312526165121/d149019dex992.htm,Illustrative Financial Information table and footnotes 1–8 (PDF p.17),"April illustration, not actuals; original rounded cells are retained. Pre-pricing illustration; replaced only within the R10 counterfactual by executed terms and June start assumption."
P_AMORT_2030,Core Scientific Finance and project subsidiaries,AMORT,381,USD_million,issuer_illustration,2030,SUP,https://www.sec.gov/Archives/edgar/data/1839341/000119312526165121/d149019dex992.htm,Illustrative Financial Information table and footnotes 1–8 (PDF p.17),"April illustration, not actuals; original rounded cells are retained. Pre-pricing illustration; replaced only within the R10 counterfactual by executed terms and June start assumption."
P_AMORT_2031,Core Scientific Finance and project subsidiaries,AMORT,381,USD_million,issuer_illustration,2031,SUP,https://www.sec.gov/Archives/edgar/data/1839341/000119312526165121/d149019dex992.htm,Illustrative Financial Information table and footnotes 1–8 (PDF p.17),"April illustration, not actuals; original rounded cells are retained. Pre-pricing illustration; replaced only within the R10 counterfactual by executed terms and June start assumption."
P_LFCF_2026,Core Scientific Finance and project subsidiaries,LFCF,6,USD_million,issuer_illustration,2026,SUP,https://www.sec.gov/Archives/edgar/data/1839341/000119312526165121/d149019dex992.htm,Illustrative Financial Information table and footnotes 1–8 (PDF p.17),"April illustration, not actuals; original rounded cells are retained. Excludes reserve funding/releases; not shareholder distributable cash."
P_LFCF_2027,Core Scientific Finance and project subsidiaries,LFCF,23,USD_million,issuer_illustration,2027,SUP,https://www.sec.gov/Archives/edgar/data/1839341/000119312526165121/d149019dex992.htm,Illustrative Financial Information table and footnotes 1–8 (PDF p.17),"April illustration, not actuals; original rounded cells are retained. Excludes reserve funding/releases; not shareholder distributable cash."
P_LFCF_2028,Core Scientific Finance and project subsidiaries,LFCF,119,USD_million,issuer_illustration,2028,SUP,https://www.sec.gov/Archives/edgar/data/1839341/000119312526165121/d149019dex992.htm,Illustrative Financial Information table and footnotes 1–8 (PDF p.17),"April illustration, not actuals; original rounded cells are retained. Excludes reserve funding/releases; not shareholder distributable cash."
P_LFCF_2029,Core Scientific Finance and project subsidiaries,LFCF,97,USD_million,issuer_illustration,2029,SUP,https://www.sec.gov/Archives/edgar/data/1839341/000119312526165121/d149019dex992.htm,Illustrative Financial Information table and footnotes 1–8 (PDF p.17),"April illustration, not actuals; original rounded cells are retained. Excludes reserve funding/releases; not shareholder distributable cash."
P_LFCF_2030,Core Scientific Finance and project subsidiaries,LFCF,47,USD_million,issuer_illustration,2030,SUP,https://www.sec.gov/Archives/edgar/data/1839341/000119312526165121/d149019dex992.htm,Illustrative Financial Information table and footnotes 1–8 (PDF p.17),"April illustration, not actuals; original rounded cells are retained. Excludes reserve funding/releases; not shareholder distributable cash."
P_LFCF_2031,Core Scientific Finance and project subsidiaries,LFCF,87,USD_million,issuer_illustration,2031,SUP,https://www.sec.gov/Archives/edgar/data/1839341/000119312526165121/d149019dex992.htm,Illustrative Financial Information table and footnotes 1–8 (PDF p.17),"April illustration, not actuals; original rounded cells are retained. Excludes reserve funding/releases; not shareholder distributable cash."
P_END_DEBT_2026,Core Scientific Finance and project subsidiaries,END_DEBT,3300,USD_million,issuer_illustration,2026,SUP,https://www.sec.gov/Archives/edgar/data/1839341/000119312526165121/d149019dex992.htm,Illustrative Financial Information table and footnotes 1–8 (PDF p.17),"April illustration, not actuals; original rounded cells are retained. Shows remaining debt, not a contractual right to leave it unpaid past final maturity."
P_END_DEBT_2027,Core Scientific Finance and project subsidiaries,END_DEBT,3300,USD_million,issuer_illustration,2027,SUP,https://www.sec.gov/Archives/edgar/data/1839341/000119312526165121/d149019dex992.htm,Illustrative Financial Information table and footnotes 1–8 (PDF p.17),"April illustration, not actuals; original rounded cells are retained. Shows remaining debt, not a contractual right to leave it unpaid past final maturity."
P_END_DEBT_2028,Core Scientific Finance and project subsidiaries,END_DEBT,3300,USD_million,issuer_illustration,2028,SUP,https://www.sec.gov/Archives/edgar/data/1839341/000119312526165121/d149019dex992.htm,Illustrative Financial Information table and footnotes 1–8 (PDF p.17),"April illustration, not actuals; original rounded cells are retained. Shows remaining debt, not a contractual right to leave it unpaid past final maturity."
P_END_DEBT_2029,Core Scientific Finance and project subsidiaries,END_DEBT,3046,USD_million,issuer_illustration,2029,SUP,https://www.sec.gov/Archives/edgar/data/1839341/000119312526165121/d149019dex992.htm,Illustrative Financial Information table and footnotes 1–8 (PDF p.17),"April illustration, not actuals; original rounded cells are retained. Shows remaining debt, not a contractual right to leave it unpaid past final maturity."
P_END_DEBT_2030,Core Scientific Finance and project subsidiaries,END_DEBT,2665,USD_million,issuer_illustration,2030,SUP,https://www.sec.gov/Archives/edgar/data/1839341/000119312526165121/d149019dex992.htm,Illustrative Financial Information table and footnotes 1–8 (PDF p.17),"April illustration, not actuals; original rounded cells are retained. Shows remaining debt, not a contractual right to leave it unpaid past final maturity."
P_END_DEBT_2031,Core Scientific Finance and project subsidiaries,END_DEBT,2285,USD_million,issuer_illustration,2031,SUP,https://www.sec.gov/Archives/edgar/data/1839341/000119312526165121/d149019dex992.htm,Illustrative Financial Information table and footnotes 1–8 (PDF p.17),"April illustration, not actuals; original rounded cells are retained. Shows remaining debt, not a contractual right to leave it unpaid past final maturity."
P_DSCR_2026,Core Scientific Finance and project subsidiaries,DSCR,1.0,times,issuer_illustration,2026,SUP,https://www.sec.gov/Archives/edgar/data/1839341/000119312526165121/d149019dex992.htm,Illustrative Financial Information table and footnotes 1–8 (PDF p.17),"April illustration, not actuals; original rounded cells are retained. Issuer-defined projected metric; not a covenant certificate."
P_DSCR_2027,Core Scientific Finance and project subsidiaries,DSCR,1.1,times,issuer_illustration,2027,SUP,https://www.sec.gov/Archives/edgar/data/1839341/000119312526165121/d149019dex992.htm,Illustrative Financial Information table and footnotes 1–8 (PDF p.17),"April illustration, not actuals; original rounded cells are retained. Issuer-defined projected metric; not a covenant certificate."
P_DSCR_2028,Core Scientific Finance and project subsidiaries,DSCR,1.5,times,issuer_illustration,2028,SUP,https://www.sec.gov/Archives/edgar/data/1839341/000119312526165121/d149019dex992.htm,Illustrative Financial Information table and footnotes 1–8 (PDF p.17),"April illustration, not actuals; original rounded cells are retained. Issuer-defined projected metric; not a covenant certificate."
P_DSCR_2029,Core Scientific Finance and project subsidiaries,DSCR,1.2,times,issuer_illustration,2029,SUP,https://www.sec.gov/Archives/edgar/data/1839341/000119312526165121/d149019dex992.htm,Illustrative Financial Information table and footnotes 1–8 (PDF p.17),"April illustration, not actuals; original rounded cells are retained. Issuer-defined projected metric; not a covenant certificate."
P_DSCR_2030,Core Scientific Finance and project subsidiaries,DSCR,1.1,times,issuer_illustration,2030,SUP,https://www.sec.gov/Archives/edgar/data/1839341/000119312526165121/d149019dex992.htm,Illustrative Financial Information table and footnotes 1–8 (PDF p.17),"April illustration, not actuals; original rounded cells are retained. Issuer-defined projected metric; not a covenant certificate."
P_DSCR_2031,Core Scientific Finance and project subsidiaries,DSCR,1.2,times,issuer_illustration,2031,SUP,https://www.sec.gov/Archives/edgar/data/1839341/000119312526165121/d149019dex992.htm,Illustrative Financial Information table and footnotes 1–8 (PDF p.17),"April illustration, not actuals; original rounded cells are retained. Issuer-defined projected metric; not a covenant certificate."
P_REV_TOTAL,Core Scientific Finance and project subsidiaries,printed illustration total REV,7793,USD_million,issuer_illustration,2026 to 2031,SUP,https://www.sec.gov/Archives/edgar/data/1839341/000119312526165121/d149019dex992.htm,Illustrative financial table total column,Printed totals can differ from sums of rounded annual cells; not forced to reconcile by changing source data.
P_OPEX_TOTAL,Core Scientific Finance and project subsidiaries,printed illustration total OPEX,4303,USD_million,issuer_illustration,2026 to 2031,SUP,https://www.sec.gov/Archives/edgar/data/1839341/000119312526165121/d149019dex992.htm,Illustrative financial table total column,Printed totals can differ from sums of rounded annual cells; not forced to reconcile by changing source data.
P_NOI_TOTAL,Core Scientific Finance and project subsidiaries,printed illustration total NOI,3490,USD_million,issuer_illustration,2026 to 2031,SUP,https://www.sec.gov/Archives/edgar/data/1839341/000119312526165121/d149019dex992.htm,Illustrative financial table total column,Printed totals can differ from sums of rounded annual cells; not forced to reconcile by changing source data.
P_OTHER_TOTAL,Core Scientific Finance and project subsidiaries,printed illustration total OTHER,754,USD_million,issuer_illustration,2026 to 2031,SUP,https://www.sec.gov/Archives/edgar/data/1839341/000119312526165121/d149019dex992.htm,Illustrative financial table total column,Printed totals can differ from sums of rounded annual cells; not forced to reconcile by changing source data.
P_INTEREST_TOTAL,Core Scientific Finance and project subsidiaries,printed illustration total INTEREST,1342,USD_million,issuer_illustration,2026 to 2031,SUP,https://www.sec.gov/Archives/edgar/data/1839341/000119312526165121/d149019dex992.htm,Illustrative financial table total column,Printed totals can differ from sums of rounded annual cells; not forced to reconcile by changing source data.
P_AMORT_TOTAL,Core Scientific Finance and project subsidiaries,printed illustration total AMORT,1015,USD_million,issuer_illustration,2026 to 2031,SUP,https://www.sec.gov/Archives/edgar/data/1839341/000119312526165121/d149019dex992.htm,Illustrative financial table total column,Printed totals can differ from sums of rounded annual cells; not forced to reconcile by changing source data.
P_LFCF_TOTAL,Core Scientific Finance and project subsidiaries,printed illustration total LFCF,379,USD_million,issuer_illustration,2026 to 2031,SUP,https://www.sec.gov/Archives/edgar/data/1839341/000119312526165121/d149019dex992.htm,Illustrative financial table total column,Printed totals can differ from sums of rounded annual cells; not forced to reconcile by changing source data.
P_END_DEBT_TOTAL,Core Scientific Finance and project subsidiaries,printed illustration total END_DEBT,2285,USD_million,issuer_illustration,2026 to 2031,SUP,https://www.sec.gov/Archives/edgar/data/1839341/000119312526165121/d149019dex992.htm,Illustrative financial table total column,Printed totals can differ from sums of rounded annual cells; not forced to reconcile by changing source data.
SITE_AUSTIN_MW,AUSTIN licensed project,MW,16.5,MW_IT,contractual,Terms described 2026-04-21,SUP,https://www.sec.gov/Archives/edgar/data/1839341/000119312526165121/d149019dex992.htm,CoreWeave Licensing Agreements,"Contract design/capacity, not actual utilization or a spot-market price."
SITE_AUSTIN_FEE,AUSTIN licensed project,FEE,115,USD_per_kW_month,contractual,Terms described 2026-04-21,SUP,https://www.sec.gov/Archives/edgar/data/1839341/000119312526165121/d149019dex992.htm,CoreWeave Licensing Agreements,"Contract design/capacity, not actual utilization or a spot-market price."
SITE_AUSTIN_ESC,AUSTIN licensed project,ESC,0.03,fraction,contractual,Terms described 2026-04-21,SUP,https://www.sec.gov/Archives/edgar/data/1839341/000119312526165121/d149019dex992.htm,CoreWeave Licensing Agreements,"Contract design/capacity, not actual utilization or a spot-market price."
SITE_DENTON_MW,DENTON licensed project,MW,262,MW_IT,contractual,Terms described 2026-04-21,SUP,https://www.sec.gov/Archives/edgar/data/1839341/000119312526165121/d149019dex992.htm,CoreWeave Licensing Agreements,"Contract design/capacity, not actual utilization or a spot-market price."
SITE_DENTON_FEE,DENTON licensed project,FEE,100,USD_per_kW_month,contractual,Terms described 2026-04-21,SUP,https://www.sec.gov/Archives/edgar/data/1839341/000119312526165121/d149019dex992.htm,CoreWeave Licensing Agreements,"Contract design/capacity, not actual utilization or a spot-market price."
SITE_DENTON_ESC,DENTON licensed project,ESC,0.035,fraction,contractual,Terms described 2026-04-21,SUP,https://www.sec.gov/Archives/edgar/data/1839341/000119312526165121/d149019dex992.htm,CoreWeave Licensing Agreements,"Contract design/capacity, not actual utilization or a spot-market price."
SITE_DALTON1_MW,DALTON1 licensed project,MW,30,MW_IT,contractual,Terms described 2026-04-21,SUP,https://www.sec.gov/Archives/edgar/data/1839341/000119312526165121/d149019dex992.htm,CoreWeave Licensing Agreements,"Contract design/capacity, not actual utilization or a spot-market price."
SITE_DALTON1_FEE,DALTON1 licensed project,FEE,100,USD_per_kW_month,contractual,Terms described 2026-04-21,SUP,https://www.sec.gov/Archives/edgar/data/1839341/000119312526165121/d149019dex992.htm,CoreWeave Licensing Agreements,"Contract design/capacity, not actual utilization or a spot-market price."
SITE_DALTON1_ESC,DALTON1 licensed project,ESC,0.035,fraction,contractual,Terms described 2026-04-21,SUP,https://www.sec.gov/Archives/edgar/data/1839341/000119312526165121/d149019dex992.htm,CoreWeave Licensing Agreements,"Contract design/capacity, not actual utilization or a spot-market price."
SITE_DALTON4_MW,DALTON4 licensed project,MW,145,MW_IT,contractual,Terms described 2026-04-21,SUP,https://www.sec.gov/Archives/edgar/data/1839341/000119312526165121/d149019dex992.htm,CoreWeave Licensing Agreements,"Contract design/capacity, not actual utilization or a spot-market price."
SITE_DALTON4_FEE,DALTON4 licensed project,FEE,100,USD_per_kW_month,contractual,Terms described 2026-04-21,SUP,https://www.sec.gov/Archives/edgar/data/1839341/000119312526165121/d149019dex992.htm,CoreWeave Licensing Agreements,"Contract design/capacity, not actual utilization or a spot-market price."
SITE_DALTON4_ESC,DALTON4 licensed project,ESC,0.035,fraction,contractual,Terms described 2026-04-21,SUP,https://www.sec.gov/Archives/edgar/data/1839341/000119312526165121/d149019dex992.htm,CoreWeave Licensing Agreements,"Contract design/capacity, not actual utilization or a spot-market price."
SITE_MARBLE_MW,MARBLE licensed project,MW,65,MW_IT,contractual,Terms described 2026-04-21,SUP,https://www.sec.gov/Archives/edgar/data/1839341/000119312526165121/d149019dex992.htm,CoreWeave Licensing Agreements,"Contract design/capacity, not actual utilization or a spot-market price."
SITE_MARBLE_FEE,MARBLE licensed project,FEE,100,USD_per_kW_month,contractual,Terms described 2026-04-21,SUP,https://www.sec.gov/Archives/edgar/data/1839341/000119312526165121/d149019dex992.htm,CoreWeave Licensing Agreements,"Contract design/capacity, not actual utilization or a spot-market price."
SITE_MARBLE_ESC,MARBLE licensed project,ESC,0.035,fraction,contractual,Terms described 2026-04-21,SUP,https://www.sec.gov/Archives/edgar/data/1839341/000119312526165121/d149019dex992.htm,CoreWeave Licensing Agreements,"Contract design/capacity, not actual utilization or a spot-market price."
SITE_MUSKOGEE_MW,MUSKOGEE licensed project,MW,70,MW_IT,contractual,Terms described 2026-04-21,SUP,https://www.sec.gov/Archives/edgar/data/1839341/000119312526165121/d149019dex992.htm,CoreWeave Licensing Agreements,"Contract design/capacity, not actual utilization or a spot-market price."
SITE_MUSKOGEE_FEE,MUSKOGEE licensed project,FEE,100,USD_per_kW_month,contractual,Terms described 2026-04-21,SUP,https://www.sec.gov/Archives/edgar/data/1839341/000119312526165121/d149019dex992.htm,CoreWeave Licensing Agreements,"Contract design/capacity, not actual utilization or a spot-market price."
SITE_MUSKOGEE_ESC,MUSKOGEE licensed project,ESC,0.035,fraction,contractual,Terms described 2026-04-21,SUP,https://www.sec.gov/Archives/edgar/data/1839341/000119312526165121/d149019dex992.htm,CoreWeave Licensing Agreements,"Contract design/capacity, not actual utilization or a spot-market price."
CREDIT_PER_MW,Non-Austin projects,maximum equipment advance credit,1.5,USD_million_per_MW,contractual,2026-04-21,SUP,https://www.sec.gov/Archives/edgar/data/1839341/000119312526165121/d149019dex992.htm,CoreWeave Licensing Agreements,Credit is capped; contributed assets have separate title and maintenance treatment.
CREDIT_SHARE,Non-Austin projects,share of monthly base fee credited until exhausted,0.5,fraction,contractual,2026-04-21,SUP,https://www.sec.gov/Archives/edgar/data/1839341/000119312526165121/d149019dex992.htm,CoreWeave Licensing Agreements,Not an extra customer receipt.
PROJECT_CAPEX,Six financed facilities,anticipated construction capital,5500,USD_million,issuer_estimate,2026-04-21,SUP,https://www.sec.gov/Archives/edgar/data/1839341/000119312526165121/d149019dex992.htm,Overview of Projects,Contributed assets and construction; not all recorded as Core Scientific cash PPE; not final as-built costs.
PROJECT_CONTRIBUTED,Six financed facilities,estimated capital contributions already made by the two parties,4400,USD_million,issuer_estimate,2026-04-21,SUP,https://www.sec.gov/Archives/edgar/data/1839341/000119312526165121/d149019dex992.htm,Overview of Projects,Not a period cash-flow total; do not add to H1 statements or to lifetime capex.
DENTON_LICENSOR_CAPEX,Denton licensor,licensor development contribution,104.4,USD_million,contractual,2026-04-21,SUP,https://www.sec.gov/Archives/edgar/data/1839341/000119312526165121/d149019dex992.htm,CoreWeave Licensing Agreements,"For 69.6MW specified power, an exception to the overview construction-funding simplification."
EOT_CREDIT_A,Denton and Dalton,end-term fee credit,217163,USD_per_MW,contractual,2026-04-21,SUP,https://www.sec.gov/Archives/edgar/data/1839341/000119312526165121/d149019dex992.htm,CoreWeave Licensing Agreements,Last two months of relevant initial term; excess remitted; outside R10 2031 maturity budget.
EOT_CREDIT_B,Muskogee and Marble,end-term fee credit,228413,USD_per_MW,contractual,2026-04-21,SUP,https://www.sec.gov/Archives/edgar/data/1839341/000119312526165121/d149019dex992.htm,CoreWeave Licensing Agreements,"Source sentence implies same per-MW basis; retained as a contract scale, not immediate cash."
N_FACE,Core Scientific Finance I LLC,issued original principal,3300,USD_million,contractual,2026-05-06,CLOSE,https://www.sec.gov/Archives/edgar/data/1839341/000119312526208905/d47435d8k.htm,Item 1.01,Final legal maturity 2031-05-15; first installment date remains contingent. Net estimate is not exact final cash available.
N_PRICE,Core Scientific Finance I LLC,issue price as fraction of face,0.9925,fraction,contractual,2026-05-06,CLOSE,https://www.sec.gov/Archives/edgar/data/1839341/000119312526208905/d47435d8k.htm,Item 1.01,Final legal maturity 2031-05-15; first installment date remains contingent. Net estimate is not exact final cash available.
N_COUPON,Core Scientific Finance I LLC,annual contractual coupon,0.0775,fraction,contractual,2026-05-06,IND,https://www.sec.gov/Archives/edgar/data/1839341/000119312526208905/d47435dex41.htm,Form of Note paragraph 1,Final legal maturity 2031-05-15; first installment date remains contingent. Net estimate is not exact final cash available.
N_AMORT_RATE,Core Scientific Finance I LLC,annual original-face amortization,0.115,fraction,contractual,2026-05-06,IND,https://www.sec.gov/Archives/edgar/data/1839341/000119312526208905/d47435dex41.htm,Section 14.01,Final legal maturity 2031-05-15; first installment date remains contingent. Net estimate is not exact final cash available.
N_NET_EST,Core Scientific Finance I LLC,issuer estimated net proceeds,3240,USD_million,issuer_estimate,2026-05-06,CLOSE,https://www.sec.gov/Archives/edgar/data/1839341/000119312526208905/d47435d8k.htm,Item 1.01,Final legal maturity 2031-05-15; first installment date remains contingent. Net estimate is not exact final cash available.
N_ASSUMED_COUPON_APRIL,Core Scientific Finance I LLC,illustrative coupon before pricing,0.0825,fraction,issuer_illustration,2026-04-21,SUP,https://www.sec.gov/Archives/edgar/data/1839341/000119312526165121/d149019dex992.htm,Illustrative table footnote 5,April 21 illustration assumes 8.25%; this is not the executed coupon. May 6 executed coupon is 7.75%. The first installment date remains contingent.
CW_SEPT_FACE,CoreWeave Inc.,September completed convertible face,4200,USD_million,reported_subsequent_event,2026-09-22,CWCLOSE,https://www.sec.gov/Archives/edgar/data/1769628/000176962826000432/crwv-20260917.htm,Item 1.01 and completed offering record,Preserves R5/R9 later closing; not current unspent cash or independent customer demand.
CW_SEPT_NET,CoreWeave Inc.,net after purchaser discounts,4137,USD_million,reported_subsequent_event,2026-09-22,CWCLOSE,https://www.sec.gov/Archives/edgar/data/1769628/000176962826000432/crwv-20260917.htm,Item 1.01 and completed offering record,Preserves R5/R9 later closing; not current unspent cash or independent customer demand.
CW_SEPT_CALL,CoreWeave Inc.,capped call cash cost including option,566.2,USD_million,reported_subsequent_event,2026-09-22,CWCLOSE,https://www.sec.gov/Archives/edgar/data/1769628/000176962826000432/crwv-20260917.htm,Item 1.01 and completed offering record,Preserves R5/R9 later closing; not current unspent cash or independent customer demand.
CW_SEPT_COUPON,CoreWeave Inc.,annual coupon,0.02875,fraction,reported_subsequent_event,2026-09-22,CWCLOSE,https://www.sec.gov/Archives/edgar/data/1769628/000176962826000432/crwv-20260917.htm,Item 1.01 and completed offering record,Preserves R5/R9 later closing; not current unspent cash or independent customer demand.
G_CW_BOND_FACE,Great Elm Capital Corp.,CoreWeave July 2032 unsecured notes held face,2,USD_million,reported_inherited,2026-06-30,R9,https://shaduf.ai/p/is-ai-a-bubble/research/holder-exposure-and-loss-absorption/,Section 2.1,R9 exact holder evidence; no Core Scientific Finance I note holding inferred.
G_CW_BOND_FV,Great Elm Capital Corp.,same note holding reported fair value,1.973,USD_million,reported_inherited,2026-06-30,R9,https://shaduf.ai/p/is-ai-a-bubble/research/holder-exposure-and-loss-absorption/,Section 2.1,R9 exact holder evidence; no Core Scientific Finance I note holding inferred.
G_CW_ALL_FV,Great Elm Capital Corp.,five selected CoreWeave-related positions FV,23.311,USD_million,reported_inherited,2026-06-30,R9,https://shaduf.ai/p/is-ai-a-bubble/research/holder-exposure-and-loss-absorption/,Section 2.1,R9 exact holder evidence; no Core Scientific Finance I note holding inferred.
A_OPENING,Research scenario,stipulated beginning-2027 retained cash usable for note repayment,344.8,USD_million,research_assumption,Model only; not an observation,MODEL,https://shaduf.ai/p/is-ai-a-bubble/research/joint-cash-consistency/#maturity,Report sections 5–7,"No probability, certified financing availability, or observed future balance. Opening cash scale uses June reserve but is not a roll-forward."
A_EARLY_SHARE,Research scenario,stipulated share of annual 2031 modeled pre-debt cash available by maturity,0.5,fraction,research_assumption,Model only; not an observation,MODEL,https://shaduf.ai/p/is-ai-a-bubble/research/joint-cash-consistency/#maturity,Report sections 5–7,"No probability, certified financing availability, or observed future balance. Opening cash scale uses June reserve but is not a roll-forward."
A_REF_COST,Research scenario,refinancing cash fee,0.02,fraction,research_assumption,Model only; not an observation,MODEL,https://shaduf.ai/p/is-ai-a-bubble/research/joint-cash-consistency/#maturity,Report sections 5–7,"No probability, certified financing availability, or observed future balance. Opening cash scale uses June reserve but is not a roll-forward."
A_REF_RATE,Research scenario,favorable refinancing interest,0.1,fraction,research_assumption,Model only; not an observation,MODEL,https://shaduf.ai/p/is-ai-a-bubble/research/joint-cash-consistency/#maturity,Report sections 5–7,"No probability, certified financing availability, or observed future balance. Opening cash scale uses June reserve but is not a roll-forward."
A_REF_YEARS,Research scenario,finite refinance amortization horizon,4,years,research_assumption,Model only; not an observation,MODEL,https://shaduf.ai/p/is-ai-a-bubble/research/joint-cash-consistency/#maturity,Report sections 5–7,"No probability, certified financing availability, or observed future balance. Opening cash scale uses June reserve but is not a roll-forward."
A_REF_CASH,Research scenario,stipulated later cash after all non-debt uses,600,USD_million_per_year,research_assumption,Model only; not an observation,MODEL,https://shaduf.ai/p/is-ai-a-bubble/research/joint-cash-consistency/#maturity,Report sections 5–7,"No probability, certified financing availability, or observed future balance. Opening cash scale uses June reserve but is not a roll-forward."
A_ADVERSE_RATE,Research scenario,adverse refinancing interest,0.12,fraction,research_assumption,Model only; not an observation,MODEL,https://shaduf.ai/p/is-ai-a-bubble/research/joint-cash-consistency/#maturity,Report sections 5–7,"No probability, certified financing availability, or observed future balance. Opening cash scale uses June reserve but is not a roll-forward."
A_ADVERSE_CASH,Research scenario,adverse later cash after all non-debt uses,450,USD_million_per_year,research_assumption,Model only; not an observation,MODEL,https://shaduf.ai/p/is-ai-a-bubble/research/joint-cash-consistency/#maturity,Report sections 5–7,"No probability, certified financing availability, or observed future balance. Opening cash scale uses June reserve but is not a roll-forward."
A_RELIEF,Research scenario,one-year agreed or earned net tenant relief,50,USD_million,research_assumption,Model only; not an observation,MODEL,https://shaduf.ai/p/is-ai-a-bubble/research/joint-cash-consistency/#maturity,Report sections 5–7,"No probability, certified financing availability, or observed future balance. Opening cash scale uses June reserve but is not a roll-forward."
A_ZERO,Research scenario,no unmodeled new cash,0,USD_million,research_assumption,Model only; not an observation,MODEL,https://shaduf.ai/p/is-ai-a-bubble/research/joint-cash-consistency/#maturity,Report sections 5–7,"No probability, certified financing availability, or observed future balance. Opening cash scale uses June reserve but is not a roll-forward."
