id,entity,metric,period_start,period_end,value,unit,status,source_id,source_date,accessed,locator,source_url,note
M26_begin,Microsoft,begin,2025-07-01,2026-06-30,30242,USD_million,reported_actual,MSK,2026-07-29,2026-09-27,"Cash flows, printed p53",https://microsoft.gcs-web.com/static-files/8a9beeed-0e9e-48e6-b4fb-593d558e2693,
M25_begin,Microsoft,begin,2024-07-01,2025-06-30,18315,USD_million,reported_actual,MSK,2026-07-29,2026-09-27,"Cash flows, printed p53",https://microsoft.gcs-web.com/static-files/8a9beeed-0e9e-48e6-b4fb-593d558e2693,
M24_begin,Microsoft,begin,2023-07-01,2024-06-30,34704,USD_million,reported_actual,MSK,2026-07-29,2026-09-27,"Cash flows, printed p53",https://microsoft.gcs-web.com/static-files/8a9beeed-0e9e-48e6-b4fb-593d558e2693,
M26_ocf,Microsoft,ocf,2025-07-01,2026-06-30,182935,USD_million,reported_actual,MSK,2026-07-29,2026-09-27,"Cash flows, printed p53",https://microsoft.gcs-web.com/static-files/8a9beeed-0e9e-48e6-b4fb-593d558e2693,
M25_ocf,Microsoft,ocf,2024-07-01,2025-06-30,136162,USD_million,reported_actual,MSK,2026-07-29,2026-09-27,"Cash flows, printed p53",https://microsoft.gcs-web.com/static-files/8a9beeed-0e9e-48e6-b4fb-593d558e2693,
M24_ocf,Microsoft,ocf,2023-07-01,2024-06-30,118548,USD_million,reported_actual,MSK,2026-07-29,2026-09-27,"Cash flows, printed p53",https://microsoft.gcs-web.com/static-files/8a9beeed-0e9e-48e6-b4fb-593d558e2693,
M26_cfi,Microsoft,cfi,2025-07-01,2026-06-30,-139500,USD_million,reported_actual,MSK,2026-07-29,2026-09-27,"Cash flows, printed p53",https://microsoft.gcs-web.com/static-files/8a9beeed-0e9e-48e6-b4fb-593d558e2693,
M25_cfi,Microsoft,cfi,2024-07-01,2025-06-30,-72599,USD_million,reported_actual,MSK,2026-07-29,2026-09-27,"Cash flows, printed p53",https://microsoft.gcs-web.com/static-files/8a9beeed-0e9e-48e6-b4fb-593d558e2693,
M24_cfi,Microsoft,cfi,2023-07-01,2024-06-30,-96970,USD_million,reported_actual,MSK,2026-07-29,2026-09-27,"Cash flows, printed p53",https://microsoft.gcs-web.com/static-files/8a9beeed-0e9e-48e6-b4fb-593d558e2693,
M26_cff,Microsoft,cff,2025-07-01,2026-06-30,-52546,USD_million,reported_actual,MSK,2026-07-29,2026-09-27,"Cash flows, printed p53",https://microsoft.gcs-web.com/static-files/8a9beeed-0e9e-48e6-b4fb-593d558e2693,
M25_cff,Microsoft,cff,2024-07-01,2025-06-30,-51699,USD_million,reported_actual,MSK,2026-07-29,2026-09-27,"Cash flows, printed p53",https://microsoft.gcs-web.com/static-files/8a9beeed-0e9e-48e6-b4fb-593d558e2693,
M24_cff,Microsoft,cff,2023-07-01,2024-06-30,-37757,USD_million,reported_actual,MSK,2026-07-29,2026-09-27,"Cash flows, printed p53",https://microsoft.gcs-web.com/static-files/8a9beeed-0e9e-48e6-b4fb-593d558e2693,
M26_fx,Microsoft,fx,2025-07-01,2026-06-30,-196,USD_million,reported_actual,MSK,2026-07-29,2026-09-27,"Cash flows, printed p53",https://microsoft.gcs-web.com/static-files/8a9beeed-0e9e-48e6-b4fb-593d558e2693,
M25_fx,Microsoft,fx,2024-07-01,2025-06-30,63,USD_million,reported_actual,MSK,2026-07-29,2026-09-27,"Cash flows, printed p53",https://microsoft.gcs-web.com/static-files/8a9beeed-0e9e-48e6-b4fb-593d558e2693,
M24_fx,Microsoft,fx,2023-07-01,2024-06-30,-210,USD_million,reported_actual,MSK,2026-07-29,2026-09-27,"Cash flows, printed p53",https://microsoft.gcs-web.com/static-files/8a9beeed-0e9e-48e6-b4fb-593d558e2693,
M26_end,Microsoft,end,2025-07-01,2026-06-30,20935,USD_million,reported_actual,MSK,2026-07-29,2026-09-27,"Cash flows, printed p53",https://microsoft.gcs-web.com/static-files/8a9beeed-0e9e-48e6-b4fb-593d558e2693,
M25_end,Microsoft,end,2024-07-01,2025-06-30,30242,USD_million,reported_actual,MSK,2026-07-29,2026-09-27,"Cash flows, printed p53",https://microsoft.gcs-web.com/static-files/8a9beeed-0e9e-48e6-b4fb-593d558e2693,
M24_end,Microsoft,end,2023-07-01,2024-06-30,18315,USD_million,reported_actual,MSK,2026-07-29,2026-09-27,"Cash flows, printed p53",https://microsoft.gcs-web.com/static-files/8a9beeed-0e9e-48e6-b4fb-593d558e2693,
M26_ppe,Microsoft,ppe,2025-07-01,2026-06-30,-115948,USD_million,reported_actual,MSK,2026-07-29,2026-09-27,"Cash flows, printed p53",https://microsoft.gcs-web.com/static-files/8a9beeed-0e9e-48e6-b4fb-593d558e2693,
M25_ppe,Microsoft,ppe,2024-07-01,2025-06-30,-64551,USD_million,reported_actual,MSK,2026-07-29,2026-09-27,"Cash flows, printed p53",https://microsoft.gcs-web.com/static-files/8a9beeed-0e9e-48e6-b4fb-593d558e2693,
M24_ppe,Microsoft,ppe,2023-07-01,2024-06-30,-44477,USD_million,reported_actual,MSK,2026-07-29,2026-09-27,"Cash flows, printed p53",https://microsoft.gcs-web.com/static-files/8a9beeed-0e9e-48e6-b4fb-593d558e2693,
M26_acquisitions,Microsoft,acquisitions,2025-07-01,2026-06-30,-1743,USD_million,reported_actual,MSK,2026-07-29,2026-09-27,"Cash flows, printed p53",https://microsoft.gcs-web.com/static-files/8a9beeed-0e9e-48e6-b4fb-593d558e2693,
M25_acquisitions,Microsoft,acquisitions,2024-07-01,2025-06-30,-5978,USD_million,reported_actual,MSK,2026-07-29,2026-09-27,"Cash flows, printed p53",https://microsoft.gcs-web.com/static-files/8a9beeed-0e9e-48e6-b4fb-593d558e2693,
M24_acquisitions,Microsoft,acquisitions,2023-07-01,2024-06-30,-69132,USD_million,reported_actual,MSK,2026-07-29,2026-09-27,"Cash flows, printed p53",https://microsoft.gcs-web.com/static-files/8a9beeed-0e9e-48e6-b4fb-593d558e2693,
M26_investment_purchases,Microsoft,investment_purchases,2025-07-01,2026-06-30,-58351,USD_million,reported_actual,MSK,2026-07-29,2026-09-27,"Cash flows, printed p53",https://microsoft.gcs-web.com/static-files/8a9beeed-0e9e-48e6-b4fb-593d558e2693,
M25_investment_purchases,Microsoft,investment_purchases,2024-07-01,2025-06-30,-29775,USD_million,reported_actual,MSK,2026-07-29,2026-09-27,"Cash flows, printed p53",https://microsoft.gcs-web.com/static-files/8a9beeed-0e9e-48e6-b4fb-593d558e2693,
M24_investment_purchases,Microsoft,investment_purchases,2023-07-01,2024-06-30,-17732,USD_million,reported_actual,MSK,2026-07-29,2026-09-27,"Cash flows, printed p53",https://microsoft.gcs-web.com/static-files/8a9beeed-0e9e-48e6-b4fb-593d558e2693,
M26_investment_maturities,Microsoft,investment_maturities,2025-07-01,2026-06-30,34605,USD_million,reported_actual,MSK,2026-07-29,2026-09-27,"Cash flows, printed p53",https://microsoft.gcs-web.com/static-files/8a9beeed-0e9e-48e6-b4fb-593d558e2693,
M25_investment_maturities,Microsoft,investment_maturities,2024-07-01,2025-06-30,16079,USD_million,reported_actual,MSK,2026-07-29,2026-09-27,"Cash flows, printed p53",https://microsoft.gcs-web.com/static-files/8a9beeed-0e9e-48e6-b4fb-593d558e2693,
M24_investment_maturities,Microsoft,investment_maturities,2023-07-01,2024-06-30,24775,USD_million,reported_actual,MSK,2026-07-29,2026-09-27,"Cash flows, printed p53",https://microsoft.gcs-web.com/static-files/8a9beeed-0e9e-48e6-b4fb-593d558e2693,
M26_investment_sales,Microsoft,investment_sales,2025-07-01,2026-06-30,21798,USD_million,reported_actual,MSK,2026-07-29,2026-09-27,"Cash flows, printed p53",https://microsoft.gcs-web.com/static-files/8a9beeed-0e9e-48e6-b4fb-593d558e2693,
M25_investment_sales,Microsoft,investment_sales,2024-07-01,2025-06-30,9309,USD_million,reported_actual,MSK,2026-07-29,2026-09-27,"Cash flows, printed p53",https://microsoft.gcs-web.com/static-files/8a9beeed-0e9e-48e6-b4fb-593d558e2693,
M24_investment_sales,Microsoft,investment_sales,2023-07-01,2024-06-30,10894,USD_million,reported_actual,MSK,2026-07-29,2026-09-27,"Cash flows, printed p53",https://microsoft.gcs-web.com/static-files/8a9beeed-0e9e-48e6-b4fb-593d558e2693,
M26_other_investing,Microsoft,other_investing,2025-07-01,2026-06-30,-19861,USD_million,reported_actual,MSK,2026-07-29,2026-09-27,"Cash flows, printed p53",https://microsoft.gcs-web.com/static-files/8a9beeed-0e9e-48e6-b4fb-593d558e2693,Management attributes increase chiefly to facilitating component purchases; net line not wholly identified as that one activity.
M25_other_investing,Microsoft,other_investing,2024-07-01,2025-06-30,2317,USD_million,reported_actual,MSK,2026-07-29,2026-09-27,"Cash flows, printed p53",https://microsoft.gcs-web.com/static-files/8a9beeed-0e9e-48e6-b4fb-593d558e2693,
M24_other_investing,Microsoft,other_investing,2023-07-01,2024-06-30,-1298,USD_million,reported_actual,MSK,2026-07-29,2026-09-27,"Cash flows, printed p53",https://microsoft.gcs-web.com/static-files/8a9beeed-0e9e-48e6-b4fb-593d558e2693,
M26_short_debt_net,Microsoft,short_debt_net,2025-07-01,2026-06-30,0,USD_million,reported_actual,MSK,2026-07-29,2026-09-27,"Cash flows, printed p53",https://microsoft.gcs-web.com/static-files/8a9beeed-0e9e-48e6-b4fb-593d558e2693,
M25_short_debt_net,Microsoft,short_debt_net,2024-07-01,2025-06-30,-5746,USD_million,reported_actual,MSK,2026-07-29,2026-09-27,"Cash flows, printed p53",https://microsoft.gcs-web.com/static-files/8a9beeed-0e9e-48e6-b4fb-593d558e2693,
M24_short_debt_net,Microsoft,short_debt_net,2023-07-01,2024-06-30,5250,USD_million,reported_actual,MSK,2026-07-29,2026-09-27,"Cash flows, printed p53",https://microsoft.gcs-web.com/static-files/8a9beeed-0e9e-48e6-b4fb-593d558e2693,
M26_debt_proceeds,Microsoft,debt_proceeds,2025-07-01,2026-06-30,0,USD_million,reported_actual,MSK,2026-07-29,2026-09-27,"Cash flows, printed p53",https://microsoft.gcs-web.com/static-files/8a9beeed-0e9e-48e6-b4fb-593d558e2693,
M25_debt_proceeds,Microsoft,debt_proceeds,2024-07-01,2025-06-30,0,USD_million,reported_actual,MSK,2026-07-29,2026-09-27,"Cash flows, printed p53",https://microsoft.gcs-web.com/static-files/8a9beeed-0e9e-48e6-b4fb-593d558e2693,
M24_debt_proceeds,Microsoft,debt_proceeds,2023-07-01,2024-06-30,24395,USD_million,reported_actual,MSK,2026-07-29,2026-09-27,"Cash flows, printed p53",https://microsoft.gcs-web.com/static-files/8a9beeed-0e9e-48e6-b4fb-593d558e2693,
M26_debt_repayments,Microsoft,debt_repayments,2025-07-01,2026-06-30,-3000,USD_million,reported_actual,MSK,2026-07-29,2026-09-27,"Cash flows, printed p53",https://microsoft.gcs-web.com/static-files/8a9beeed-0e9e-48e6-b4fb-593d558e2693,
M25_debt_repayments,Microsoft,debt_repayments,2024-07-01,2025-06-30,-3216,USD_million,reported_actual,MSK,2026-07-29,2026-09-27,"Cash flows, printed p53",https://microsoft.gcs-web.com/static-files/8a9beeed-0e9e-48e6-b4fb-593d558e2693,
M24_debt_repayments,Microsoft,debt_repayments,2023-07-01,2024-06-30,-29070,USD_million,reported_actual,MSK,2026-07-29,2026-09-27,"Cash flows, printed p53",https://microsoft.gcs-web.com/static-files/8a9beeed-0e9e-48e6-b4fb-593d558e2693,
M26_stock_issued,Microsoft,stock_issued,2025-07-01,2026-06-30,2009,USD_million,reported_actual,MSK,2026-07-29,2026-09-27,"Cash flows, printed p53",https://microsoft.gcs-web.com/static-files/8a9beeed-0e9e-48e6-b4fb-593d558e2693,
M25_stock_issued,Microsoft,stock_issued,2024-07-01,2025-06-30,2056,USD_million,reported_actual,MSK,2026-07-29,2026-09-27,"Cash flows, printed p53",https://microsoft.gcs-web.com/static-files/8a9beeed-0e9e-48e6-b4fb-593d558e2693,
M24_stock_issued,Microsoft,stock_issued,2023-07-01,2024-06-30,2002,USD_million,reported_actual,MSK,2026-07-29,2026-09-27,"Cash flows, printed p53",https://microsoft.gcs-web.com/static-files/8a9beeed-0e9e-48e6-b4fb-593d558e2693,
M26_stock_repurchase_cash,Microsoft,stock_repurchase_cash,2025-07-01,2026-06-30,-22271,USD_million,reported_actual,MSK,2026-07-29,2026-09-27,"Cash flows, printed p53",https://microsoft.gcs-web.com/static-files/8a9beeed-0e9e-48e6-b4fb-593d558e2693,
M25_stock_repurchase_cash,Microsoft,stock_repurchase_cash,2024-07-01,2025-06-30,-18420,USD_million,reported_actual,MSK,2026-07-29,2026-09-27,"Cash flows, printed p53",https://microsoft.gcs-web.com/static-files/8a9beeed-0e9e-48e6-b4fb-593d558e2693,
M24_stock_repurchase_cash,Microsoft,stock_repurchase_cash,2023-07-01,2024-06-30,-17254,USD_million,reported_actual,MSK,2026-07-29,2026-09-27,"Cash flows, printed p53",https://microsoft.gcs-web.com/static-files/8a9beeed-0e9e-48e6-b4fb-593d558e2693,
M26_dividends,Microsoft,dividends,2025-07-01,2026-06-30,-26445,USD_million,reported_actual,MSK,2026-07-29,2026-09-27,"Cash flows, printed p53",https://microsoft.gcs-web.com/static-files/8a9beeed-0e9e-48e6-b4fb-593d558e2693,
M25_dividends,Microsoft,dividends,2024-07-01,2025-06-30,-24082,USD_million,reported_actual,MSK,2026-07-29,2026-09-27,"Cash flows, printed p53",https://microsoft.gcs-web.com/static-files/8a9beeed-0e9e-48e6-b4fb-593d558e2693,
M24_dividends,Microsoft,dividends,2023-07-01,2024-06-30,-21771,USD_million,reported_actual,MSK,2026-07-29,2026-09-27,"Cash flows, printed p53",https://microsoft.gcs-web.com/static-files/8a9beeed-0e9e-48e6-b4fb-593d558e2693,
M26_other_financing,Microsoft,other_financing,2025-07-01,2026-06-30,-2839,USD_million,reported_actual,MSK,2026-07-29,2026-09-27,"Cash flows, printed p53",https://microsoft.gcs-web.com/static-files/8a9beeed-0e9e-48e6-b4fb-593d558e2693,
M25_other_financing,Microsoft,other_financing,2024-07-01,2025-06-30,-2291,USD_million,reported_actual,MSK,2026-07-29,2026-09-27,"Cash flows, printed p53",https://microsoft.gcs-web.com/static-files/8a9beeed-0e9e-48e6-b4fb-593d558e2693,
M24_other_financing,Microsoft,other_financing,2023-07-01,2024-06-30,-1309,USD_million,reported_actual,MSK,2026-07-29,2026-09-27,"Cash flows, printed p53",https://microsoft.gcs-web.com/static-files/8a9beeed-0e9e-48e6-b4fb-593d558e2693,
M26_op_lease_cash,Microsoft,op_lease_cash,2025-07-01,2026-06-30,6443,USD_million,reported_actual,MSK,2026-07-29,2026-09-27,"Note13, printed p78",https://microsoft.gcs-web.com/static-files/8a9beeed-0e9e-48e6-b4fb-593d558e2693,
M25_op_lease_cash,Microsoft,op_lease_cash,2024-07-01,2025-06-30,4931,USD_million,reported_actual,MSK,2026-07-29,2026-09-27,"Note13, printed p78",https://microsoft.gcs-web.com/static-files/8a9beeed-0e9e-48e6-b4fb-593d558e2693,
M24_op_lease_cash,Microsoft,op_lease_cash,2023-07-01,2024-06-30,3550,USD_million,reported_actual,MSK,2026-07-29,2026-09-27,"Note13, printed p78",https://microsoft.gcs-web.com/static-files/8a9beeed-0e9e-48e6-b4fb-593d558e2693,
M26_fl_interest_cash,Microsoft,fl_interest_cash,2025-07-01,2026-06-30,2547,USD_million,reported_actual,MSK,2026-07-29,2026-09-27,"Note13, printed p78",https://microsoft.gcs-web.com/static-files/8a9beeed-0e9e-48e6-b4fb-593d558e2693,
M25_fl_interest_cash,Microsoft,fl_interest_cash,2024-07-01,2025-06-30,1372,USD_million,reported_actual,MSK,2026-07-29,2026-09-27,"Note13, printed p78",https://microsoft.gcs-web.com/static-files/8a9beeed-0e9e-48e6-b4fb-593d558e2693,
M24_fl_interest_cash,Microsoft,fl_interest_cash,2023-07-01,2024-06-30,734,USD_million,reported_actual,MSK,2026-07-29,2026-09-27,"Note13, printed p78",https://microsoft.gcs-web.com/static-files/8a9beeed-0e9e-48e6-b4fb-593d558e2693,
M26_fl_principal_cash,Microsoft,fl_principal_cash,2025-07-01,2026-06-30,3101,USD_million,reported_actual,MSK,2026-07-29,2026-09-27,"Note13, printed p78",https://microsoft.gcs-web.com/static-files/8a9beeed-0e9e-48e6-b4fb-593d558e2693,
M25_fl_principal_cash,Microsoft,fl_principal_cash,2024-07-01,2025-06-30,2283,USD_million,reported_actual,MSK,2026-07-29,2026-09-27,"Note13, printed p78",https://microsoft.gcs-web.com/static-files/8a9beeed-0e9e-48e6-b4fb-593d558e2693,
M24_fl_principal_cash,Microsoft,fl_principal_cash,2023-07-01,2024-06-30,1286,USD_million,reported_actual,MSK,2026-07-29,2026-09-27,"Note13, printed p78",https://microsoft.gcs-web.com/static-files/8a9beeed-0e9e-48e6-b4fb-593d558e2693,
M26_new_fl_assets,Microsoft,new_fl_assets,2025-07-01,2026-06-30,24608,USD_million,reported_actual,MSK,2026-07-29,2026-09-27,"Note13, printed p78",https://microsoft.gcs-web.com/static-files/8a9beeed-0e9e-48e6-b4fb-593d558e2693,
M25_new_fl_assets,Microsoft,new_fl_assets,2024-07-01,2025-06-30,20511,USD_million,reported_actual,MSK,2026-07-29,2026-09-27,"Note13, printed p78",https://microsoft.gcs-web.com/static-files/8a9beeed-0e9e-48e6-b4fb-593d558e2693,
M24_new_fl_assets,Microsoft,new_fl_assets,2023-07-01,2024-06-30,11633,USD_million,reported_actual,MSK,2026-07-29,2026-09-27,"Note13, printed p78",https://microsoft.gcs-web.com/static-files/8a9beeed-0e9e-48e6-b4fb-593d558e2693,
M26_ni,Microsoft,ni,2025-07-01,2026-06-30,133749,USD_million,reported_actual,MSK,2026-07-29,2026-09-27,"Cash flows, printed p53",https://microsoft.gcs-web.com/static-files/8a9beeed-0e9e-48e6-b4fb-593d558e2693,
M26_da_other,Microsoft,da_other,2025-07-01,2026-06-30,38534,USD_million,reported_actual,MSK,2026-07-29,2026-09-27,"Cash flows, printed p53",https://microsoft.gcs-web.com/static-files/8a9beeed-0e9e-48e6-b4fb-593d558e2693,
M26_sbc,Microsoft,sbc,2025-07-01,2026-06-30,12405,USD_million,reported_actual,MSK,2026-07-29,2026-09-27,"Cash flows, printed p53",https://microsoft.gcs-web.com/static-files/8a9beeed-0e9e-48e6-b4fb-593d558e2693,
M26_investment_gains,Microsoft,investment_gains,2025-07-01,2026-06-30,-11047,USD_million,reported_actual,MSK,2026-07-29,2026-09-27,"Cash flows, printed p53",https://microsoft.gcs-web.com/static-files/8a9beeed-0e9e-48e6-b4fb-593d558e2693,
M26_deferred_tax,Microsoft,deferred_tax,2025-07-01,2026-06-30,14189,USD_million,reported_actual,MSK,2026-07-29,2026-09-27,"Cash flows, printed p53",https://microsoft.gcs-web.com/static-files/8a9beeed-0e9e-48e6-b4fb-593d558e2693,
M26_wc_ar,Microsoft,wc_ar,2025-07-01,2026-06-30,-12737,USD_million,reported_actual,MSK,2026-07-29,2026-09-27,"Cash flows, printed p53",https://microsoft.gcs-web.com/static-files/8a9beeed-0e9e-48e6-b4fb-593d558e2693,
M26_wc_inventory,Microsoft,wc_inventory,2025-07-01,2026-06-30,-461,USD_million,reported_actual,MSK,2026-07-29,2026-09-27,"Cash flows, printed p53",https://microsoft.gcs-web.com/static-files/8a9beeed-0e9e-48e6-b4fb-593d558e2693,
M26_wc_other_current,Microsoft,wc_other_current,2025-07-01,2026-06-30,-2627,USD_million,reported_actual,MSK,2026-07-29,2026-09-27,"Cash flows, printed p53",https://microsoft.gcs-web.com/static-files/8a9beeed-0e9e-48e6-b4fb-593d558e2693,
M26_wc_other_long,Microsoft,wc_other_long,2025-07-01,2026-06-30,-3964,USD_million,reported_actual,MSK,2026-07-29,2026-09-27,"Cash flows, printed p53",https://microsoft.gcs-web.com/static-files/8a9beeed-0e9e-48e6-b4fb-593d558e2693,
M26_wc_ap,Microsoft,wc_ap,2025-07-01,2026-06-30,5268,USD_million,reported_actual,MSK,2026-07-29,2026-09-27,"Cash flows, printed p53",https://microsoft.gcs-web.com/static-files/8a9beeed-0e9e-48e6-b4fb-593d558e2693,
M26_wc_unearned,Microsoft,wc_unearned,2025-07-01,2026-06-30,9361,USD_million,reported_actual,MSK,2026-07-29,2026-09-27,"Cash flows, printed p53",https://microsoft.gcs-web.com/static-files/8a9beeed-0e9e-48e6-b4fb-593d558e2693,
M26_wc_tax,Microsoft,wc_tax,2025-07-01,2026-06-30,-1875,USD_million,reported_actual,MSK,2026-07-29,2026-09-27,"Cash flows, printed p53",https://microsoft.gcs-web.com/static-files/8a9beeed-0e9e-48e6-b4fb-593d558e2693,
M26_wc_current_liab,Microsoft,wc_current_liab,2025-07-01,2026-06-30,6847,USD_million,reported_actual,MSK,2026-07-29,2026-09-27,"Cash flows, printed p53",https://microsoft.gcs-web.com/static-files/8a9beeed-0e9e-48e6-b4fb-593d558e2693,
M26_wc_long_liab,Microsoft,wc_long_liab,2025-07-01,2026-06-30,-4707,USD_million,reported_actual,MSK,2026-07-29,2026-09-27,"Cash flows, printed p53",https://microsoft.gcs-web.com/static-files/8a9beeed-0e9e-48e6-b4fb-593d558e2693,
MH25_begin,Microsoft,begin,2025-07-01,2025-12-31,30242,USD_million,reported_actual,M2,2026-01-28,2026-09-27,Six-month cash flow statement,https://www.microsoft.com/en-us/Investor/earnings/FY-2026-Q2/press-release-webcast,
MH24_begin,Microsoft,begin,2024-07-01,2024-12-31,18315,USD_million,reported_actual,M2,2026-01-28,2026-09-27,Six-month cash flow statement,https://www.microsoft.com/en-us/Investor/earnings/FY-2026-Q2/press-release-webcast,
MH25_ocf,Microsoft,ocf,2025-07-01,2025-12-31,80815,USD_million,reported_actual,M2,2026-01-28,2026-09-27,Six-month cash flow statement,https://www.microsoft.com/en-us/Investor/earnings/FY-2026-Q2/press-release-webcast,
MH24_ocf,Microsoft,ocf,2024-07-01,2024-12-31,56471,USD_million,reported_actual,M2,2026-01-28,2026-09-27,Six-month cash flow statement,https://www.microsoft.com/en-us/Investor/earnings/FY-2026-Q2/press-release-webcast,
MH25_cfi,Microsoft,cfi,2025-07-01,2025-12-31,-57264,USD_million,reported_actual,M2,2026-01-28,2026-09-27,Six-month cash flow statement,https://www.microsoft.com/en-us/Investor/earnings/FY-2026-Q2/press-release-webcast,
MH24_cfi,Microsoft,cfi,2024-07-01,2024-12-31,-29313,USD_million,reported_actual,M2,2026-01-28,2026-09-27,Six-month cash flow statement,https://www.microsoft.com/en-us/Investor/earnings/FY-2026-Q2/press-release-webcast,
MH25_cff,Microsoft,cff,2025-07-01,2025-12-31,-29416,USD_million,reported_actual,M2,2026-01-28,2026-09-27,Six-month cash flow statement,https://www.microsoft.com/en-us/Investor/earnings/FY-2026-Q2/press-release-webcast,
MH24_cff,Microsoft,cff,2024-07-01,2024-12-31,-27819,USD_million,reported_actual,M2,2026-01-28,2026-09-27,Six-month cash flow statement,https://www.microsoft.com/en-us/Investor/earnings/FY-2026-Q2/press-release-webcast,
MH25_fx,Microsoft,fx,2025-07-01,2025-12-31,-81,USD_million,reported_actual,M2,2026-01-28,2026-09-27,Six-month cash flow statement,https://www.microsoft.com/en-us/Investor/earnings/FY-2026-Q2/press-release-webcast,
MH24_fx,Microsoft,fx,2024-07-01,2024-12-31,-172,USD_million,reported_actual,M2,2026-01-28,2026-09-27,Six-month cash flow statement,https://www.microsoft.com/en-us/Investor/earnings/FY-2026-Q2/press-release-webcast,
MH25_end,Microsoft,end,2025-07-01,2025-12-31,24296,USD_million,reported_actual,M2,2026-01-28,2026-09-27,Six-month cash flow statement,https://www.microsoft.com/en-us/Investor/earnings/FY-2026-Q2/press-release-webcast,
MH24_end,Microsoft,end,2024-07-01,2024-12-31,17482,USD_million,reported_actual,M2,2026-01-28,2026-09-27,Six-month cash flow statement,https://www.microsoft.com/en-us/Investor/earnings/FY-2026-Q2/press-release-webcast,
MH25_ppe,Microsoft,ppe,2025-07-01,2025-12-31,-49270,USD_million,reported_actual,M2,2026-01-28,2026-09-27,Six-month cash flow statement,https://www.microsoft.com/en-us/Investor/earnings/FY-2026-Q2/press-release-webcast,
MH24_ppe,Microsoft,ppe,2024-07-01,2024-12-31,-30727,USD_million,reported_actual,M2,2026-01-28,2026-09-27,Six-month cash flow statement,https://www.microsoft.com/en-us/Investor/earnings/FY-2026-Q2/press-release-webcast,
MH25_acquisitions,Microsoft,acquisitions,2025-07-01,2025-12-31,-1033,USD_million,reported_actual,M2,2026-01-28,2026-09-27,Six-month cash flow statement,https://www.microsoft.com/en-us/Investor/earnings/FY-2026-Q2/press-release-webcast,
MH24_acquisitions,Microsoft,acquisitions,2024-07-01,2024-12-31,-3254,USD_million,reported_actual,M2,2026-01-28,2026-09-27,Six-month cash flow statement,https://www.microsoft.com/en-us/Investor/earnings/FY-2026-Q2/press-release-webcast,
MH25_investment_purchases,Microsoft,investment_purchases,2025-07-01,2025-12-31,-27516,USD_million,reported_actual,M2,2026-01-28,2026-09-27,Six-month cash flow statement,https://www.microsoft.com/en-us/Investor/earnings/FY-2026-Q2/press-release-webcast,
MH24_investment_purchases,Microsoft,investment_purchases,2024-07-01,2024-12-31,-3670,USD_million,reported_actual,M2,2026-01-28,2026-09-27,Six-month cash flow statement,https://www.microsoft.com/en-us/Investor/earnings/FY-2026-Q2/press-release-webcast,
MH25_investment_maturities,Microsoft,investment_maturities,2025-07-01,2025-12-31,18448,USD_million,reported_actual,M2,2026-01-28,2026-09-27,Six-month cash flow statement,https://www.microsoft.com/en-us/Investor/earnings/FY-2026-Q2/press-release-webcast,
MH24_investment_maturities,Microsoft,investment_maturities,2024-07-01,2024-12-31,4740,USD_million,reported_actual,M2,2026-01-28,2026-09-27,Six-month cash flow statement,https://www.microsoft.com/en-us/Investor/earnings/FY-2026-Q2/press-release-webcast,
MH25_investment_sales,Microsoft,investment_sales,2025-07-01,2025-12-31,8953,USD_million,reported_actual,M2,2026-01-28,2026-09-27,Six-month cash flow statement,https://www.microsoft.com/en-us/Investor/earnings/FY-2026-Q2/press-release-webcast,
MH24_investment_sales,Microsoft,investment_sales,2024-07-01,2024-12-31,4527,USD_million,reported_actual,M2,2026-01-28,2026-09-27,Six-month cash flow statement,https://www.microsoft.com/en-us/Investor/earnings/FY-2026-Q2/press-release-webcast,
MH25_other_investing,Microsoft,other_investing,2025-07-01,2025-12-31,-6846,USD_million,reported_actual,M2,2026-01-28,2026-09-27,Six-month cash flow statement,https://www.microsoft.com/en-us/Investor/earnings/FY-2026-Q2/press-release-webcast,
MH24_other_investing,Microsoft,other_investing,2024-07-01,2024-12-31,-929,USD_million,reported_actual,M2,2026-01-28,2026-09-27,Six-month cash flow statement,https://www.microsoft.com/en-us/Investor/earnings/FY-2026-Q2/press-release-webcast,
MH25_short_debt_net,Microsoft,short_debt_net,2025-07-01,2025-12-31,0,USD_million,reported_actual,M2,2026-01-28,2026-09-27,Six-month cash flow statement,https://www.microsoft.com/en-us/Investor/earnings/FY-2026-Q2/press-release-webcast,
MH24_short_debt_net,Microsoft,short_debt_net,2024-07-01,2024-12-31,-5746,USD_million,reported_actual,M2,2026-01-28,2026-09-27,Six-month cash flow statement,https://www.microsoft.com/en-us/Investor/earnings/FY-2026-Q2/press-release-webcast,
MH25_debt_proceeds,Microsoft,debt_proceeds,2025-07-01,2025-12-31,0,USD_million,reported_actual,M2,2026-01-28,2026-09-27,Six-month cash flow statement,https://www.microsoft.com/en-us/Investor/earnings/FY-2026-Q2/press-release-webcast,
MH24_debt_proceeds,Microsoft,debt_proceeds,2024-07-01,2024-12-31,0,USD_million,reported_actual,M2,2026-01-28,2026-09-27,Six-month cash flow statement,https://www.microsoft.com/en-us/Investor/earnings/FY-2026-Q2/press-release-webcast,
MH25_debt_repayments,Microsoft,debt_repayments,2025-07-01,2025-12-31,-3000,USD_million,reported_actual,M2,2026-01-28,2026-09-27,Six-month cash flow statement,https://www.microsoft.com/en-us/Investor/earnings/FY-2026-Q2/press-release-webcast,
MH24_debt_repayments,Microsoft,debt_repayments,2024-07-01,2024-12-31,-966,USD_million,reported_actual,M2,2026-01-28,2026-09-27,Six-month cash flow statement,https://www.microsoft.com/en-us/Investor/earnings/FY-2026-Q2/press-release-webcast,
MH25_stock_issued,Microsoft,stock_issued,2025-07-01,2025-12-31,948,USD_million,reported_actual,M2,2026-01-28,2026-09-27,Six-month cash flow statement,https://www.microsoft.com/en-us/Investor/earnings/FY-2026-Q2/press-release-webcast,
MH24_stock_issued,Microsoft,stock_issued,2024-07-01,2024-12-31,962,USD_million,reported_actual,M2,2026-01-28,2026-09-27,Six-month cash flow statement,https://www.microsoft.com/en-us/Investor/earnings/FY-2026-Q2/press-release-webcast,
MH25_stock_repurchase_cash,Microsoft,stock_repurchase_cash,2025-07-01,2025-12-31,-13065,USD_million,reported_actual,M2,2026-01-28,2026-09-27,Six-month cash flow statement,https://www.microsoft.com/en-us/Investor/earnings/FY-2026-Q2/press-release-webcast,
MH24_stock_repurchase_cash,Microsoft,stock_repurchase_cash,2024-07-01,2024-12-31,-9093,USD_million,reported_actual,M2,2026-01-28,2026-09-27,Six-month cash flow statement,https://www.microsoft.com/en-us/Investor/earnings/FY-2026-Q2/press-release-webcast,
MH25_dividends,Microsoft,dividends,2025-07-01,2025-12-31,-12931,USD_million,reported_actual,M2,2026-01-28,2026-09-27,Six-month cash flow statement,https://www.microsoft.com/en-us/Investor/earnings/FY-2026-Q2/press-release-webcast,
MH24_dividends,Microsoft,dividends,2024-07-01,2024-12-31,-11744,USD_million,reported_actual,M2,2026-01-28,2026-09-27,Six-month cash flow statement,https://www.microsoft.com/en-us/Investor/earnings/FY-2026-Q2/press-release-webcast,
MH25_other_financing,Microsoft,other_financing,2025-07-01,2025-12-31,-1368,USD_million,reported_actual,M2,2026-01-28,2026-09-27,Six-month cash flow statement,https://www.microsoft.com/en-us/Investor/earnings/FY-2026-Q2/press-release-webcast,
MH24_other_financing,Microsoft,other_financing,2024-07-01,2024-12-31,-1232,USD_million,reported_actual,M2,2026-01-28,2026-09-27,Six-month cash flow statement,https://www.microsoft.com/en-us/Investor/earnings/FY-2026-Q2/press-release-webcast,
T25_begin,Meta,begin,2025-01-01,2025-12-31,45438,USD_million,reported_actual,TK,2026-01-29,2026-09-27,Consolidated cash flows,https://www.sec.gov/Archives/edgar/data/1326801/000162828026003942/meta-20251231.htm,Cash-flow perimeter includes restricted cash; do not use as unrestricted liquidity.
T24_begin,Meta,begin,2024-01-01,2024-12-31,42827,USD_million,reported_actual,TK,2026-01-29,2026-09-27,Consolidated cash flows,https://www.sec.gov/Archives/edgar/data/1326801/000162828026003942/meta-20251231.htm,Cash-flow perimeter includes restricted cash; do not use as unrestricted liquidity.
T23_begin,Meta,begin,2023-01-01,2023-12-31,15596,USD_million,reported_actual,TK,2026-01-29,2026-09-27,Consolidated cash flows,https://www.sec.gov/Archives/edgar/data/1326801/000162828026003942/meta-20251231.htm,Cash-flow perimeter includes restricted cash; do not use as unrestricted liquidity.
T25_ocf,Meta,ocf,2025-01-01,2025-12-31,115800,USD_million,reported_actual,TK,2026-01-29,2026-09-27,Consolidated cash flows,https://www.sec.gov/Archives/edgar/data/1326801/000162828026003942/meta-20251231.htm,
T24_ocf,Meta,ocf,2024-01-01,2024-12-31,91328,USD_million,reported_actual,TK,2026-01-29,2026-09-27,Consolidated cash flows,https://www.sec.gov/Archives/edgar/data/1326801/000162828026003942/meta-20251231.htm,
T23_ocf,Meta,ocf,2023-01-01,2023-12-31,71113,USD_million,reported_actual,TK,2026-01-29,2026-09-27,Consolidated cash flows,https://www.sec.gov/Archives/edgar/data/1326801/000162828026003942/meta-20251231.htm,
T25_cfi,Meta,cfi,2025-01-01,2025-12-31,-102003,USD_million,reported_actual,TK,2026-01-29,2026-09-27,Consolidated cash flows,https://www.sec.gov/Archives/edgar/data/1326801/000162828026003942/meta-20251231.htm,
T24_cfi,Meta,cfi,2024-01-01,2024-12-31,-47150,USD_million,reported_actual,TK,2026-01-29,2026-09-27,Consolidated cash flows,https://www.sec.gov/Archives/edgar/data/1326801/000162828026003942/meta-20251231.htm,
T23_cfi,Meta,cfi,2023-01-01,2023-12-31,-24495,USD_million,reported_actual,TK,2026-01-29,2026-09-27,Consolidated cash flows,https://www.sec.gov/Archives/edgar/data/1326801/000162828026003942/meta-20251231.htm,
T25_cff,Meta,cff,2025-01-01,2025-12-31,-20370,USD_million,reported_actual,TK,2026-01-29,2026-09-27,Consolidated cash flows,https://www.sec.gov/Archives/edgar/data/1326801/000162828026003942/meta-20251231.htm,
T24_cff,Meta,cff,2024-01-01,2024-12-31,-40781,USD_million,reported_actual,TK,2026-01-29,2026-09-27,Consolidated cash flows,https://www.sec.gov/Archives/edgar/data/1326801/000162828026003942/meta-20251231.htm,
T23_cff,Meta,cff,2023-01-01,2023-12-31,-19500,USD_million,reported_actual,TK,2026-01-29,2026-09-27,Consolidated cash flows,https://www.sec.gov/Archives/edgar/data/1326801/000162828026003942/meta-20251231.htm,
T25_fx,Meta,fx,2025-01-01,2025-12-31,235,USD_million,reported_actual,TK,2026-01-29,2026-09-27,Consolidated cash flows,https://www.sec.gov/Archives/edgar/data/1326801/000162828026003942/meta-20251231.htm,
T24_fx,Meta,fx,2024-01-01,2024-12-31,-786,USD_million,reported_actual,TK,2026-01-29,2026-09-27,Consolidated cash flows,https://www.sec.gov/Archives/edgar/data/1326801/000162828026003942/meta-20251231.htm,
T23_fx,Meta,fx,2023-01-01,2023-12-31,113,USD_million,reported_actual,TK,2026-01-29,2026-09-27,Consolidated cash flows,https://www.sec.gov/Archives/edgar/data/1326801/000162828026003942/meta-20251231.htm,
T25_end,Meta,end,2025-01-01,2025-12-31,39100,USD_million,reported_actual,TK,2026-01-29,2026-09-27,Consolidated cash flows,https://www.sec.gov/Archives/edgar/data/1326801/000162828026003942/meta-20251231.htm,Cash-flow perimeter includes restricted cash; do not use as unrestricted liquidity.
T24_end,Meta,end,2024-01-01,2024-12-31,45438,USD_million,reported_actual,TK,2026-01-29,2026-09-27,Consolidated cash flows,https://www.sec.gov/Archives/edgar/data/1326801/000162828026003942/meta-20251231.htm,Cash-flow perimeter includes restricted cash; do not use as unrestricted liquidity.
T23_end,Meta,end,2023-01-01,2023-12-31,42827,USD_million,reported_actual,TK,2026-01-29,2026-09-27,Consolidated cash flows,https://www.sec.gov/Archives/edgar/data/1326801/000162828026003942/meta-20251231.htm,Cash-flow perimeter includes restricted cash; do not use as unrestricted liquidity.
T25_ppe,Meta,ppe,2025-01-01,2025-12-31,-69691,USD_million,reported_actual,TK,2026-01-29,2026-09-27,Consolidated cash flows,https://www.sec.gov/Archives/edgar/data/1326801/000162828026003942/meta-20251231.htm,
T24_ppe,Meta,ppe,2024-01-01,2024-12-31,-37256,USD_million,reported_actual,TK,2026-01-29,2026-09-27,Consolidated cash flows,https://www.sec.gov/Archives/edgar/data/1326801/000162828026003942/meta-20251231.htm,
T23_ppe,Meta,ppe,2023-01-01,2023-12-31,-27045,USD_million,reported_actual,TK,2026-01-29,2026-09-27,Consolidated cash flows,https://www.sec.gov/Archives/edgar/data/1326801/000162828026003942/meta-20251231.htm,
T25_marketable_purchases,Meta,marketable_purchases,2025-01-01,2025-12-31,-36929,USD_million,reported_actual,TK,2026-01-29,2026-09-27,Consolidated cash flows,https://www.sec.gov/Archives/edgar/data/1326801/000162828026003942/meta-20251231.htm,
T24_marketable_purchases,Meta,marketable_purchases,2024-01-01,2024-12-31,-25542,USD_million,reported_actual,TK,2026-01-29,2026-09-27,Consolidated cash flows,https://www.sec.gov/Archives/edgar/data/1326801/000162828026003942/meta-20251231.htm,
T23_marketable_purchases,Meta,marketable_purchases,2023-01-01,2023-12-31,-2982,USD_million,reported_actual,TK,2026-01-29,2026-09-27,Consolidated cash flows,https://www.sec.gov/Archives/edgar/data/1326801/000162828026003942/meta-20251231.htm,
T25_marketable_sales,Meta,marketable_sales,2025-01-01,2025-12-31,26874,USD_million,reported_actual,TK,2026-01-29,2026-09-27,Consolidated cash flows,https://www.sec.gov/Archives/edgar/data/1326801/000162828026003942/meta-20251231.htm,
T24_marketable_sales,Meta,marketable_sales,2024-01-01,2024-12-31,15789,USD_million,reported_actual,TK,2026-01-29,2026-09-27,Consolidated cash flows,https://www.sec.gov/Archives/edgar/data/1326801/000162828026003942/meta-20251231.htm,
T23_marketable_sales,Meta,marketable_sales,2023-01-01,2023-12-31,6184,USD_million,reported_actual,TK,2026-01-29,2026-09-27,Consolidated cash flows,https://www.sec.gov/Archives/edgar/data/1326801/000162828026003942/meta-20251231.htm,
T25_held_for_sale,Meta,held_for_sale,2025-01-01,2025-12-31,-2432,USD_million,reported_actual,TK,2026-01-29,2026-09-27,Consolidated cash flows,https://www.sec.gov/Archives/edgar/data/1326801/000162828026003942/meta-20251231.htm,
T24_held_for_sale,Meta,held_for_sale,2024-01-01,2024-12-31,0,USD_million,reported_actual,TK,2026-01-29,2026-09-27,Consolidated cash flows,https://www.sec.gov/Archives/edgar/data/1326801/000162828026003942/meta-20251231.htm,
T23_held_for_sale,Meta,held_for_sale,2023-01-01,2023-12-31,0,USD_million,reported_actual,TK,2026-01-29,2026-09-27,Consolidated cash flows,https://www.sec.gov/Archives/edgar/data/1326801/000162828026003942/meta-20251231.htm,
T25_venture_distribution,Meta,venture_distribution,2025-01-01,2025-12-31,2554,USD_million,reported_actual,TK,2026-01-29,2026-09-27,Consolidated cash flows,https://www.sec.gov/Archives/edgar/data/1326801/000162828026003942/meta-20251231.htm,
T24_venture_distribution,Meta,venture_distribution,2024-01-01,2024-12-31,0,USD_million,reported_actual,TK,2026-01-29,2026-09-27,Consolidated cash flows,https://www.sec.gov/Archives/edgar/data/1326801/000162828026003942/meta-20251231.htm,
T23_venture_distribution,Meta,venture_distribution,2023-01-01,2023-12-31,0,USD_million,reported_actual,TK,2026-01-29,2026-09-27,Consolidated cash flows,https://www.sec.gov/Archives/edgar/data/1326801/000162828026003942/meta-20251231.htm,
T25_nonmarketable,Meta,nonmarketable,2025-01-01,2025-12-31,-18330,USD_million,reported_actual,TK,2026-01-29,2026-09-27,Consolidated cash flows,https://www.sec.gov/Archives/edgar/data/1326801/000162828026003942/meta-20251231.htm,
T24_nonmarketable,Meta,nonmarketable,2024-01-01,2024-12-31,-11,USD_million,reported_actual,TK,2026-01-29,2026-09-27,Consolidated cash flows,https://www.sec.gov/Archives/edgar/data/1326801/000162828026003942/meta-20251231.htm,
T23_nonmarketable,Meta,nonmarketable,2023-01-01,2023-12-31,-1,USD_million,reported_actual,TK,2026-01-29,2026-09-27,Consolidated cash flows,https://www.sec.gov/Archives/edgar/data/1326801/000162828026003942/meta-20251231.htm,
T25_acquisitions,Meta,acquisitions,2025-01-01,2025-12-31,-4231,USD_million,reported_actual,TK,2026-01-29,2026-09-27,Consolidated cash flows,https://www.sec.gov/Archives/edgar/data/1326801/000162828026003942/meta-20251231.htm,
T24_acquisitions,Meta,acquisitions,2024-01-01,2024-12-31,-270,USD_million,reported_actual,TK,2026-01-29,2026-09-27,Consolidated cash flows,https://www.sec.gov/Archives/edgar/data/1326801/000162828026003942/meta-20251231.htm,
T23_acquisitions,Meta,acquisitions,2023-01-01,2023-12-31,-629,USD_million,reported_actual,TK,2026-01-29,2026-09-27,Consolidated cash flows,https://www.sec.gov/Archives/edgar/data/1326801/000162828026003942/meta-20251231.htm,
T25_other_investing,Meta,other_investing,2025-01-01,2025-12-31,182,USD_million,reported_actual,TK,2026-01-29,2026-09-27,Consolidated cash flows,https://www.sec.gov/Archives/edgar/data/1326801/000162828026003942/meta-20251231.htm,
T24_other_investing,Meta,other_investing,2024-01-01,2024-12-31,140,USD_million,reported_actual,TK,2026-01-29,2026-09-27,Consolidated cash flows,https://www.sec.gov/Archives/edgar/data/1326801/000162828026003942/meta-20251231.htm,
T23_other_investing,Meta,other_investing,2023-01-01,2023-12-31,-22,USD_million,reported_actual,TK,2026-01-29,2026-09-27,Consolidated cash flows,https://www.sec.gov/Archives/edgar/data/1326801/000162828026003942/meta-20251231.htm,
T25_rsu_cash,Meta,rsu_cash,2025-01-01,2025-12-31,-18400,USD_million,reported_actual,TK,2026-01-29,2026-09-27,Consolidated cash flows,https://www.sec.gov/Archives/edgar/data/1326801/000162828026003942/meta-20251231.htm,
T24_rsu_cash,Meta,rsu_cash,2024-01-01,2024-12-31,-13770,USD_million,reported_actual,TK,2026-01-29,2026-09-27,Consolidated cash flows,https://www.sec.gov/Archives/edgar/data/1326801/000162828026003942/meta-20251231.htm,
T23_rsu_cash,Meta,rsu_cash,2023-01-01,2023-12-31,-7012,USD_million,reported_actual,TK,2026-01-29,2026-09-27,Consolidated cash flows,https://www.sec.gov/Archives/edgar/data/1326801/000162828026003942/meta-20251231.htm,
T25_buybacks,Meta,buybacks,2025-01-01,2025-12-31,-26248,USD_million,reported_actual,TK,2026-01-29,2026-09-27,Consolidated cash flows,https://www.sec.gov/Archives/edgar/data/1326801/000162828026003942/meta-20251231.htm,
T24_buybacks,Meta,buybacks,2024-01-01,2024-12-31,-30125,USD_million,reported_actual,TK,2026-01-29,2026-09-27,Consolidated cash flows,https://www.sec.gov/Archives/edgar/data/1326801/000162828026003942/meta-20251231.htm,
T23_buybacks,Meta,buybacks,2023-01-01,2023-12-31,-19774,USD_million,reported_actual,TK,2026-01-29,2026-09-27,Consolidated cash flows,https://www.sec.gov/Archives/edgar/data/1326801/000162828026003942/meta-20251231.htm,
T25_dividends,Meta,dividends,2025-01-01,2025-12-31,-5324,USD_million,reported_actual,TK,2026-01-29,2026-09-27,Consolidated cash flows,https://www.sec.gov/Archives/edgar/data/1326801/000162828026003942/meta-20251231.htm,
T24_dividends,Meta,dividends,2024-01-01,2024-12-31,-5072,USD_million,reported_actual,TK,2026-01-29,2026-09-27,Consolidated cash flows,https://www.sec.gov/Archives/edgar/data/1326801/000162828026003942/meta-20251231.htm,
T23_dividends,Meta,dividends,2023-01-01,2023-12-31,0,USD_million,reported_actual,TK,2026-01-29,2026-09-27,Consolidated cash flows,https://www.sec.gov/Archives/edgar/data/1326801/000162828026003942/meta-20251231.htm,
T25_debt_proceeds,Meta,debt_proceeds,2025-01-01,2025-12-31,29906,USD_million,reported_actual,TK,2026-01-29,2026-09-27,Consolidated cash flows,https://www.sec.gov/Archives/edgar/data/1326801/000162828026003942/meta-20251231.htm,
T24_debt_proceeds,Meta,debt_proceeds,2024-01-01,2024-12-31,10432,USD_million,reported_actual,TK,2026-01-29,2026-09-27,Consolidated cash flows,https://www.sec.gov/Archives/edgar/data/1326801/000162828026003942/meta-20251231.htm,
T23_debt_proceeds,Meta,debt_proceeds,2023-01-01,2023-12-31,8455,USD_million,reported_actual,TK,2026-01-29,2026-09-27,Consolidated cash flows,https://www.sec.gov/Archives/edgar/data/1326801/000162828026003942/meta-20251231.htm,
T25_fl_principal,Meta,fl_principal,2025-01-01,2025-12-31,-2524,USD_million,reported_actual,TK,2026-01-29,2026-09-27,Consolidated cash flows,https://www.sec.gov/Archives/edgar/data/1326801/000162828026003942/meta-20251231.htm,
T24_fl_principal,Meta,fl_principal,2024-01-01,2024-12-31,-1969,USD_million,reported_actual,TK,2026-01-29,2026-09-27,Consolidated cash flows,https://www.sec.gov/Archives/edgar/data/1326801/000162828026003942/meta-20251231.htm,
T23_fl_principal,Meta,fl_principal,2023-01-01,2023-12-31,-1058,USD_million,reported_actual,TK,2026-01-29,2026-09-27,Consolidated cash flows,https://www.sec.gov/Archives/edgar/data/1326801/000162828026003942/meta-20251231.htm,
T25_other_financing,Meta,other_financing,2025-01-01,2025-12-31,2220,USD_million,reported_actual,TK,2026-01-29,2026-09-27,Consolidated cash flows,https://www.sec.gov/Archives/edgar/data/1326801/000162828026003942/meta-20251231.htm,
T24_other_financing,Meta,other_financing,2024-01-01,2024-12-31,-277,USD_million,reported_actual,TK,2026-01-29,2026-09-27,Consolidated cash flows,https://www.sec.gov/Archives/edgar/data/1326801/000162828026003942/meta-20251231.htm,
T23_other_financing,Meta,other_financing,2023-01-01,2023-12-31,-111,USD_million,reported_actual,TK,2026-01-29,2026-09-27,Consolidated cash flows,https://www.sec.gov/Archives/edgar/data/1326801/000162828026003942/meta-20251231.htm,
TH26_begin,Meta,begin,2026-01-01,2026-06-30,39100,USD_million,reported_actual,TQ,2026-07-30,2026-09-27,Condensed consolidated cash flows,https://www.sec.gov/Archives/edgar/data/1326801/000162828026050705/meta-20260630.htm,Cash-flow perimeter includes restricted cash; do not use as unrestricted liquidity.
TH25_begin,Meta,begin,2025-01-01,2025-06-30,45438,USD_million,reported_actual,TQ,2026-07-30,2026-09-27,Condensed consolidated cash flows,https://www.sec.gov/Archives/edgar/data/1326801/000162828026050705/meta-20260630.htm,Cash-flow perimeter includes restricted cash; do not use as unrestricted liquidity.
TH26_ocf,Meta,ocf,2026-01-01,2026-06-30,64088,USD_million,reported_actual,TQ,2026-07-30,2026-09-27,Condensed consolidated cash flows,https://www.sec.gov/Archives/edgar/data/1326801/000162828026050705/meta-20260630.htm,
TH25_ocf,Meta,ocf,2025-01-01,2025-06-30,49587,USD_million,reported_actual,TQ,2026-07-30,2026-09-27,Condensed consolidated cash flows,https://www.sec.gov/Archives/edgar/data/1326801/000162828026050705/meta-20260630.htm,
TH26_cfi,Meta,cfi,2026-01-01,2026-06-30,-83331,USD_million,reported_actual,TQ,2026-07-30,2026-09-27,Condensed consolidated cash flows,https://www.sec.gov/Archives/edgar/data/1326801/000162828026050705/meta-20260630.htm,
TH25_cfi,Meta,cfi,2025-01-01,2025-06-30,-45968,USD_million,reported_actual,TQ,2026-07-30,2026-09-27,Condensed consolidated cash flows,https://www.sec.gov/Archives/edgar/data/1326801/000162828026050705/meta-20260630.htm,
TH26_cff,Meta,cff,2026-01-01,2026-06-30,9414,USD_million,reported_actual,TQ,2026-07-30,2026-09-27,Condensed consolidated cash flows,https://www.sec.gov/Archives/edgar/data/1326801/000162828026050705/meta-20260630.htm,
TH25_cff,Meta,cff,2025-01-01,2025-06-30,-35472,USD_million,reported_actual,TQ,2026-07-30,2026-09-27,Condensed consolidated cash flows,https://www.sec.gov/Archives/edgar/data/1326801/000162828026050705/meta-20260630.htm,
TH26_fx,Meta,fx,2026-01-01,2026-06-30,0,USD_million,reported_actual,TQ,2026-07-30,2026-09-27,Condensed consolidated cash flows,https://www.sec.gov/Archives/edgar/data/1326801/000162828026050705/meta-20260630.htm,
TH25_fx,Meta,fx,2025-01-01,2025-06-30,243,USD_million,reported_actual,TQ,2026-07-30,2026-09-27,Condensed consolidated cash flows,https://www.sec.gov/Archives/edgar/data/1326801/000162828026050705/meta-20260630.htm,
TH26_end,Meta,end,2026-01-01,2026-06-30,29271,USD_million,reported_actual,TQ,2026-07-30,2026-09-27,Condensed consolidated cash flows,https://www.sec.gov/Archives/edgar/data/1326801/000162828026050705/meta-20260630.htm,Cash-flow perimeter includes restricted cash; do not use as unrestricted liquidity.
TH25_end,Meta,end,2025-01-01,2025-06-30,13828,USD_million,reported_actual,TQ,2026-07-30,2026-09-27,Condensed consolidated cash flows,https://www.sec.gov/Archives/edgar/data/1326801/000162828026050705/meta-20260630.htm,Cash-flow perimeter includes restricted cash; do not use as unrestricted liquidity.
TH26_ppe,Meta,ppe,2026-01-01,2026-06-30,-49113,USD_million,reported_actual,TQ,2026-07-30,2026-09-27,Condensed consolidated cash flows,https://www.sec.gov/Archives/edgar/data/1326801/000162828026050705/meta-20260630.htm,
TH25_ppe,Meta,ppe,2025-01-01,2025-06-30,-29479,USD_million,reported_actual,TQ,2026-07-30,2026-09-27,Condensed consolidated cash flows,https://www.sec.gov/Archives/edgar/data/1326801/000162828026050705/meta-20260630.htm,
TH26_marketable_purchases,Meta,marketable_purchases,2026-01-01,2026-06-30,-75592,USD_million,reported_actual,TQ,2026-07-30,2026-09-27,Condensed consolidated cash flows,https://www.sec.gov/Archives/edgar/data/1326801/000162828026050705/meta-20260630.htm,
TH25_marketable_purchases,Meta,marketable_purchases,2025-01-01,2025-06-30,-19509,USD_million,reported_actual,TQ,2026-07-30,2026-09-27,Condensed consolidated cash flows,https://www.sec.gov/Archives/edgar/data/1326801/000162828026050705/meta-20260630.htm,
TH26_marketable_sales,Meta,marketable_sales,2026-01-01,2026-06-30,44036,USD_million,reported_actual,TQ,2026-07-30,2026-09-27,Condensed consolidated cash flows,https://www.sec.gov/Archives/edgar/data/1326801/000162828026050705/meta-20260630.htm,
TH25_marketable_sales,Meta,marketable_sales,2025-01-01,2025-06-30,19057,USD_million,reported_actual,TQ,2026-07-30,2026-09-27,Condensed consolidated cash flows,https://www.sec.gov/Archives/edgar/data/1326801/000162828026050705/meta-20260630.htm,
TH26_held_for_sale,Meta,held_for_sale,2026-01-01,2026-06-30,-674,USD_million,reported_actual,TQ,2026-07-30,2026-09-27,Condensed consolidated cash flows,https://www.sec.gov/Archives/edgar/data/1326801/000162828026050705/meta-20260630.htm,
TH25_held_for_sale,Meta,held_for_sale,2025-01-01,2025-06-30,-775,USD_million,reported_actual,TQ,2026-07-30,2026-09-27,Condensed consolidated cash flows,https://www.sec.gov/Archives/edgar/data/1326801/000162828026050705/meta-20260630.htm,
TH26_venture_distribution,Meta,venture_distribution,2026-01-01,2026-06-30,0,USD_million,reported_actual,TQ,2026-07-30,2026-09-27,Condensed consolidated cash flows,https://www.sec.gov/Archives/edgar/data/1326801/000162828026050705/meta-20260630.htm,
TH25_venture_distribution,Meta,venture_distribution,2025-01-01,2025-06-30,0,USD_million,reported_actual,TQ,2026-07-30,2026-09-27,Condensed consolidated cash flows,https://www.sec.gov/Archives/edgar/data/1326801/000162828026050705/meta-20260630.htm,
TH26_nonmarketable,Meta,nonmarketable,2026-01-01,2026-06-30,-1670,USD_million,reported_actual,TQ,2026-07-30,2026-09-27,Condensed consolidated cash flows,https://www.sec.gov/Archives/edgar/data/1326801/000162828026050705/meta-20260630.htm,
TH25_nonmarketable,Meta,nonmarketable,2025-01-01,2025-06-30,-15214,USD_million,reported_actual,TQ,2026-07-30,2026-09-27,Condensed consolidated cash flows,https://www.sec.gov/Archives/edgar/data/1326801/000162828026050705/meta-20260630.htm,
TH26_acquisitions,Meta,acquisitions,2026-01-01,2026-06-30,-474,USD_million,reported_actual,TQ,2026-07-30,2026-09-27,Condensed consolidated cash flows,https://www.sec.gov/Archives/edgar/data/1326801/000162828026050705/meta-20260630.htm,
TH25_acquisitions,Meta,acquisitions,2025-01-01,2025-06-30,-62,USD_million,reported_actual,TQ,2026-07-30,2026-09-27,Condensed consolidated cash flows,https://www.sec.gov/Archives/edgar/data/1326801/000162828026050705/meta-20260630.htm,
TH26_other_investing,Meta,other_investing,2026-01-01,2026-06-30,156,USD_million,reported_actual,TQ,2026-07-30,2026-09-27,Condensed consolidated cash flows,https://www.sec.gov/Archives/edgar/data/1326801/000162828026050705/meta-20260630.htm,
TH25_other_investing,Meta,other_investing,2025-01-01,2025-06-30,14,USD_million,reported_actual,TQ,2026-07-30,2026-09-27,Condensed consolidated cash flows,https://www.sec.gov/Archives/edgar/data/1326801/000162828026050705/meta-20260630.htm,
TH26_rsu_cash,Meta,rsu_cash,2026-01-01,2026-06-30,-8704,USD_million,reported_actual,TQ,2026-07-30,2026-09-27,Condensed consolidated cash flows,https://www.sec.gov/Archives/edgar/data/1326801/000162828026050705/meta-20260630.htm,
TH25_rsu_cash,Meta,rsu_cash,2025-01-01,2025-06-30,-8993,USD_million,reported_actual,TQ,2026-07-30,2026-09-27,Condensed consolidated cash flows,https://www.sec.gov/Archives/edgar/data/1326801/000162828026050705/meta-20260630.htm,
TH26_buybacks,Meta,buybacks,2026-01-01,2026-06-30,0,USD_million,reported_actual,TQ,2026-07-30,2026-09-27,Condensed consolidated cash flows,https://www.sec.gov/Archives/edgar/data/1326801/000162828026050705/meta-20260630.htm,
TH25_buybacks,Meta,buybacks,2025-01-01,2025-06-30,-22921,USD_million,reported_actual,TQ,2026-07-30,2026-09-27,Condensed consolidated cash flows,https://www.sec.gov/Archives/edgar/data/1326801/000162828026050705/meta-20260630.htm,
TH26_dividends,Meta,dividends,2026-01-01,2026-06-30,-2699,USD_million,reported_actual,TQ,2026-07-30,2026-09-27,Condensed consolidated cash flows,https://www.sec.gov/Archives/edgar/data/1326801/000162828026050705/meta-20260630.htm,
TH25_dividends,Meta,dividends,2025-01-01,2025-06-30,-2656,USD_million,reported_actual,TQ,2026-07-30,2026-09-27,Condensed consolidated cash flows,https://www.sec.gov/Archives/edgar/data/1326801/000162828026050705/meta-20260630.htm,
TH26_debt_proceeds,Meta,debt_proceeds,2026-01-01,2026-06-30,24910,USD_million,reported_actual,TQ,2026-07-30,2026-09-27,Condensed consolidated cash flows,https://www.sec.gov/Archives/edgar/data/1326801/000162828026050705/meta-20260630.htm,
TH25_debt_proceeds,Meta,debt_proceeds,2025-01-01,2025-06-30,0,USD_million,reported_actual,TQ,2026-07-30,2026-09-27,Condensed consolidated cash flows,https://www.sec.gov/Archives/edgar/data/1326801/000162828026050705/meta-20260630.htm,
TH26_fl_principal,Meta,fl_principal,2026-01-01,2026-06-30,-1805,USD_million,reported_actual,TQ,2026-07-30,2026-09-27,Condensed consolidated cash flows,https://www.sec.gov/Archives/edgar/data/1326801/000162828026050705/meta-20260630.htm,
TH25_fl_principal,Meta,fl_principal,2025-01-01,2025-06-30,-1225,USD_million,reported_actual,TQ,2026-07-30,2026-09-27,Condensed consolidated cash flows,https://www.sec.gov/Archives/edgar/data/1326801/000162828026050705/meta-20260630.htm,
TH26_other_financing,Meta,other_financing,2026-01-01,2026-06-30,-2288,USD_million,reported_actual,TQ,2026-07-30,2026-09-27,Condensed consolidated cash flows,https://www.sec.gov/Archives/edgar/data/1326801/000162828026050705/meta-20260630.htm,
TH25_other_financing,Meta,other_financing,2025-01-01,2025-06-30,323,USD_million,reported_actual,TQ,2026-07-30,2026-09-27,Condensed consolidated cash flows,https://www.sec.gov/Archives/edgar/data/1326801/000162828026050705/meta-20260630.htm,
TH26_cash_tax,Meta,cash_tax,2026-01-01,2026-06-30,1999,USD_million,reported_actual,TQ,2026-07-30,2026-09-27,Condensed consolidated cash flows,https://www.sec.gov/Archives/edgar/data/1326801/000162828026050705/meta-20260630.htm,
TH25_cash_tax,Meta,cash_tax,2025-01-01,2025-06-30,5544,USD_million,reported_actual,TQ,2026-07-30,2026-09-27,Condensed consolidated cash flows,https://www.sec.gov/Archives/edgar/data/1326801/000162828026050705/meta-20260630.htm,
TH26_cash_interest,Meta,cash_interest,2026-01-01,2026-06-30,1097,USD_million,reported_actual,TQ,2026-07-30,2026-09-27,Condensed consolidated cash flows,https://www.sec.gov/Archives/edgar/data/1326801/000162828026050705/meta-20260630.htm,
TH25_cash_interest,Meta,cash_interest,2025-01-01,2025-06-30,478,USD_million,reported_actual,TQ,2026-07-30,2026-09-27,Condensed consolidated cash flows,https://www.sec.gov/Archives/edgar/data/1326801/000162828026050705/meta-20260630.htm,
TH26_unpaid_ppe,Meta,unpaid_ppe,2026-01-01,2026-06-30,19502,USD_million,reported_actual,TQ,2026-07-30,2026-09-27,Condensed consolidated cash flows,https://www.sec.gov/Archives/edgar/data/1326801/000162828026050705/meta-20260630.htm,"Stock of incurred capital payables, not extra cash paid; avoid adding atop future capex."
TH25_unpaid_ppe,Meta,unpaid_ppe,2025-01-01,2025-06-30,10618,USD_million,reported_actual,TQ,2026-07-30,2026-09-27,Condensed consolidated cash flows,https://www.sec.gov/Archives/edgar/data/1326801/000162828026050705/meta-20260630.htm,"Stock of incurred capital payables, not extra cash paid; avoid adding atop future capex."
TH26_ni,Meta,ni,2026-01-01,2026-06-30,42621,USD_million,reported_actual,TQ,2026-07-30,2026-09-27,Condensed consolidated cash flows,https://www.sec.gov/Archives/edgar/data/1326801/000162828026050705/meta-20260630.htm,
TH26_da,Meta,da,2026-01-01,2026-06-30,12355,USD_million,reported_actual,TQ,2026-07-30,2026-09-27,Condensed consolidated cash flows,https://www.sec.gov/Archives/edgar/data/1326801/000162828026050705/meta-20260630.htm,
TH26_sbc,Meta,sbc,2026-01-01,2026-06-30,13690,USD_million,reported_actual,TQ,2026-07-30,2026-09-27,Condensed consolidated cash flows,https://www.sec.gov/Archives/edgar/data/1326801/000162828026050705/meta-20260630.htm,
TH26_deferred_tax,Meta,deferred_tax,2026-01-01,2026-06-30,1568,USD_million,reported_actual,TQ,2026-07-30,2026-09-27,Condensed consolidated cash flows,https://www.sec.gov/Archives/edgar/data/1326801/000162828026050705/meta-20260630.htm,
TH26_unrealized_losses,Meta,unrealized_losses,2026-01-01,2026-06-30,1185,USD_million,reported_actual,TQ,2026-07-30,2026-09-27,Condensed consolidated cash flows,https://www.sec.gov/Archives/edgar/data/1326801/000162828026050705/meta-20260630.htm,
TH26_other_noncash,Meta,other_noncash,2026-01-01,2026-06-30,-73,USD_million,reported_actual,TQ,2026-07-30,2026-09-27,Condensed consolidated cash flows,https://www.sec.gov/Archives/edgar/data/1326801/000162828026050705/meta-20260630.htm,
TH26_wc_ar,Meta,wc_ar,2026-01-01,2026-06-30,-2273,USD_million,reported_actual,TQ,2026-07-30,2026-09-27,Condensed consolidated cash flows,https://www.sec.gov/Archives/edgar/data/1326801/000162828026050705/meta-20260630.htm,
TH26_wc_prepaid,Meta,wc_prepaid,2026-01-01,2026-06-30,-3230,USD_million,reported_actual,TQ,2026-07-30,2026-09-27,Condensed consolidated cash flows,https://www.sec.gov/Archives/edgar/data/1326801/000162828026050705/meta-20260630.htm,
TH26_wc_other_assets,Meta,wc_other_assets,2026-01-01,2026-06-30,-2535,USD_million,reported_actual,TQ,2026-07-30,2026-09-27,Condensed consolidated cash flows,https://www.sec.gov/Archives/edgar/data/1326801/000162828026050705/meta-20260630.htm,
TH26_wc_ap,Meta,wc_ap,2026-01-01,2026-06-30,-354,USD_million,reported_actual,TQ,2026-07-30,2026-09-27,Condensed consolidated cash flows,https://www.sec.gov/Archives/edgar/data/1326801/000162828026050705/meta-20260630.htm,
TH26_wc_accrued,Meta,wc_accrued,2026-01-01,2026-06-30,5662,USD_million,reported_actual,TQ,2026-07-30,2026-09-27,Condensed consolidated cash flows,https://www.sec.gov/Archives/edgar/data/1326801/000162828026050705/meta-20260630.htm,
TH26_wc_other_liab,Meta,wc_other_liab,2026-01-01,2026-06-30,-4528,USD_million,reported_actual,TQ,2026-07-30,2026-09-27,Condensed consolidated cash flows,https://www.sec.gov/Archives/edgar/data/1326801/000162828026050705/meta-20260630.htm,
O26_begin,Oracle,begin,2026-06-01,2026-08-31,31289,USD_million,reported_actual,OQ,2026-09,2026-09-27,"Condensed cash flows, printed p5",https://www.sec.gov/Archives/edgar/data/1341439/000119312526389274/orcl-20260831.htm,Cash-flow perimeter includes restricted cash; do not use as unrestricted liquidity.
O25_begin,Oracle,begin,2025-06-01,2025-08-31,10786,USD_million,reported_actual,OQ,2026-09,2026-09-27,"Condensed cash flows, printed p5",https://www.sec.gov/Archives/edgar/data/1341439/000119312526389274/orcl-20260831.htm,Cash-flow perimeter includes restricted cash; do not use as unrestricted liquidity.
O26_ocf,Oracle,ocf,2026-06-01,2026-08-31,23103,USD_million,reported_actual,OQ,2026-09,2026-09-27,"Condensed cash flows, printed p5",https://www.sec.gov/Archives/edgar/data/1341439/000119312526389274/orcl-20260831.htm,
O25_ocf,Oracle,ocf,2025-06-01,2025-08-31,8140,USD_million,reported_actual,OQ,2026-09,2026-09-27,"Condensed cash flows, printed p5",https://www.sec.gov/Archives/edgar/data/1341439/000119312526389274/orcl-20260831.htm,
O26_cfi,Oracle,cfi,2026-06-01,2026-08-31,-28580,USD_million,reported_actual,OQ,2026-09,2026-09-27,"Condensed cash flows, printed p5",https://www.sec.gov/Archives/edgar/data/1341439/000119312526389274/orcl-20260831.htm,
O25_cfi,Oracle,cfi,2025-06-01,2025-08-31,-8718,USD_million,reported_actual,OQ,2026-09,2026-09-27,"Condensed cash flows, printed p5",https://www.sec.gov/Archives/edgar/data/1341439/000119312526389274/orcl-20260831.htm,
O26_cff,Oracle,cff,2026-06-01,2026-08-31,13111,USD_million,reported_actual,OQ,2026-09,2026-09-27,"Condensed cash flows, printed p5",https://www.sec.gov/Archives/edgar/data/1341439/000119312526389274/orcl-20260831.htm,
O25_cff,Oracle,cff,2025-06-01,2025-08-31,210,USD_million,reported_actual,OQ,2026-09,2026-09-27,"Condensed cash flows, printed p5",https://www.sec.gov/Archives/edgar/data/1341439/000119312526389274/orcl-20260831.htm,
O26_fx,Oracle,fx,2026-06-01,2026-08-31,11,USD_million,reported_actual,OQ,2026-09,2026-09-27,"Condensed cash flows, printed p5",https://www.sec.gov/Archives/edgar/data/1341439/000119312526389274/orcl-20260831.htm,
O25_fx,Oracle,fx,2025-06-01,2025-08-31,27,USD_million,reported_actual,OQ,2026-09,2026-09-27,"Condensed cash flows, printed p5",https://www.sec.gov/Archives/edgar/data/1341439/000119312526389274/orcl-20260831.htm,
O26_end,Oracle,end,2026-06-01,2026-08-31,38934,USD_million,reported_actual,OQ,2026-09,2026-09-27,"Condensed cash flows, printed p5",https://www.sec.gov/Archives/edgar/data/1341439/000119312526389274/orcl-20260831.htm,Cash-flow perimeter includes restricted cash; do not use as unrestricted liquidity.
O25_end,Oracle,end,2025-06-01,2025-08-31,10445,USD_million,reported_actual,OQ,2026-09,2026-09-27,"Condensed cash flows, printed p5",https://www.sec.gov/Archives/edgar/data/1341439/000119312526389274/orcl-20260831.htm,Cash-flow perimeter includes restricted cash; do not use as unrestricted liquidity.
O26_ppe,Oracle,ppe,2026-06-01,2026-08-31,-28499,USD_million,reported_actual,OQ,2026-09,2026-09-27,"Condensed cash flows, printed p5",https://www.sec.gov/Archives/edgar/data/1341439/000119312526389274/orcl-20260831.htm,
O25_ppe,Oracle,ppe,2025-06-01,2025-08-31,-8502,USD_million,reported_actual,OQ,2026-09,2026-09-27,"Condensed cash flows, printed p5",https://www.sec.gov/Archives/edgar/data/1341439/000119312526389274/orcl-20260831.htm,
O26_investment_purchases,Oracle,investment_purchases,2026-06-01,2026-08-31,-306,USD_million,reported_actual,OQ,2026-09,2026-09-27,"Condensed cash flows, printed p5",https://www.sec.gov/Archives/edgar/data/1341439/000119312526389274/orcl-20260831.htm,
O25_investment_purchases,Oracle,investment_purchases,2025-06-01,2025-08-31,-471,USD_million,reported_actual,OQ,2026-09,2026-09-27,"Condensed cash flows, printed p5",https://www.sec.gov/Archives/edgar/data/1341439/000119312526389274/orcl-20260831.htm,
O26_investment_sales,Oracle,investment_sales,2026-06-01,2026-08-31,225,USD_million,reported_actual,OQ,2026-09,2026-09-27,"Condensed cash flows, printed p5",https://www.sec.gov/Archives/edgar/data/1341439/000119312526389274/orcl-20260831.htm,
O25_investment_sales,Oracle,investment_sales,2025-06-01,2025-08-31,255,USD_million,reported_actual,OQ,2026-09,2026-09-27,"Condensed cash flows, printed p5",https://www.sec.gov/Archives/edgar/data/1341439/000119312526389274/orcl-20260831.htm,
O26_atm_net,Oracle,atm_net,2026-06-01,2026-08-31,19909,USD_million,reported_actual,OQ,2026-09,2026-09-27,"Condensed cash flows, printed p5",https://www.sec.gov/Archives/edgar/data/1341439/000119312526389274/orcl-20260831.htm,
O25_atm_net,Oracle,atm_net,2025-06-01,2025-08-31,0,USD_million,reported_actual,OQ,2026-09,2026-09-27,"Condensed cash flows, printed p5",https://www.sec.gov/Archives/edgar/data/1341439/000119312526389274/orcl-20260831.htm,
O26_employee_stock_net,Oracle,employee_stock_net,2026-06-01,2026-08-31,41,USD_million,reported_actual,OQ,2026-09,2026-09-27,"Condensed cash flows, printed p5",https://www.sec.gov/Archives/edgar/data/1341439/000119312526389274/orcl-20260831.htm,
O25_employee_stock_net,Oracle,employee_stock_net,2025-06-01,2025-08-31,1153,USD_million,reported_actual,OQ,2026-09,2026-09-27,"Condensed cash flows, printed p5",https://www.sec.gov/Archives/edgar/data/1341439/000119312526389274/orcl-20260831.htm,
O26_dividends,Oracle,dividends,2026-06-01,2026-08-31,-1565,USD_million,reported_actual,OQ,2026-09,2026-09-27,"Condensed cash flows, printed p5",https://www.sec.gov/Archives/edgar/data/1341439/000119312526389274/orcl-20260831.htm,
O25_dividends,Oracle,dividends,2025-06-01,2025-08-31,-1413,USD_million,reported_actual,OQ,2026-09,2026-09-27,"Condensed cash flows, printed p5",https://www.sec.gov/Archives/edgar/data/1341439/000119312526389274/orcl-20260831.htm,
O26_cp_net,Oracle,cp_net,2026-06-01,2026-08-31,0,USD_million,reported_actual,OQ,2026-09,2026-09-27,"Condensed cash flows, printed p5",https://www.sec.gov/Archives/edgar/data/1341439/000119312526389274/orcl-20260831.htm,
O25_cp_net,Oracle,cp_net,2025-06-01,2025-08-31,-238,USD_million,reported_actual,OQ,2026-09,2026-09-27,"Condensed cash flows, printed p5",https://www.sec.gov/Archives/edgar/data/1341439/000119312526389274/orcl-20260831.htm,
O26_short_cap_finance_net,Oracle,short_cap_finance_net,2026-06-01,2026-08-31,-830,USD_million,reported_actual,OQ,2026-09,2026-09-27,"Condensed cash flows, printed p5",https://www.sec.gov/Archives/edgar/data/1341439/000119312526389274/orcl-20260831.htm,
O25_short_cap_finance_net,Oracle,short_cap_finance_net,2025-06-01,2025-08-31,1958,USD_million,reported_actual,OQ,2026-09,2026-09-27,"Condensed cash flows, printed p5",https://www.sec.gov/Archives/edgar/data/1341439/000119312526389274/orcl-20260831.htm,
O26_debt_repayments,Oracle,debt_repayments,2026-06-01,2026-08-31,-4202,USD_million,reported_actual,OQ,2026-09,2026-09-27,"Condensed cash flows, printed p5",https://www.sec.gov/Archives/edgar/data/1341439/000119312526389274/orcl-20260831.htm,
O25_debt_repayments,Oracle,debt_repayments,2025-06-01,2025-08-31,-1052,USD_million,reported_actual,OQ,2026-09,2026-09-27,"Condensed cash flows, printed p5",https://www.sec.gov/Archives/edgar/data/1341439/000119312526389274/orcl-20260831.htm,
O26_other_financing,Oracle,other_financing,2026-06-01,2026-08-31,-242,USD_million,reported_actual,OQ,2026-09,2026-09-27,"Condensed cash flows, printed p5",https://www.sec.gov/Archives/edgar/data/1341439/000119312526389274/orcl-20260831.htm,
O25_other_financing,Oracle,other_financing,2025-06-01,2025-08-31,-198,USD_million,reported_actual,OQ,2026-09,2026-09-27,"Condensed cash flows, printed p5",https://www.sec.gov/Archives/edgar/data/1341439/000119312526389274/orcl-20260831.htm,
O26_ni,Oracle,ni,2026-06-01,2026-08-31,4760,USD_million,reported_actual,OQ,2026-09,2026-09-27,"Condensed cash flows, printed p5",https://www.sec.gov/Archives/edgar/data/1341439/000119312526389274/orcl-20260831.htm,
O25_ni,Oracle,ni,2025-06-01,2025-08-31,2927,USD_million,reported_actual,OQ,2026-09,2026-09-27,"Condensed cash flows, printed p5",https://www.sec.gov/Archives/edgar/data/1341439/000119312526389274/orcl-20260831.htm,
O26_da,Oracle,da,2026-06-01,2026-08-31,3156,USD_million,reported_actual,OQ,2026-09,2026-09-27,"Condensed cash flows, printed p5",https://www.sec.gov/Archives/edgar/data/1341439/000119312526389274/orcl-20260831.htm,
O25_da,Oracle,da,2025-06-01,2025-08-31,1351,USD_million,reported_actual,OQ,2026-09,2026-09-27,"Condensed cash flows, printed p5",https://www.sec.gov/Archives/edgar/data/1341439/000119312526389274/orcl-20260831.htm,
O26_intangible_amort,Oracle,intangible_amort,2026-06-01,2026-08-31,202,USD_million,reported_actual,OQ,2026-09,2026-09-27,"Condensed cash flows, printed p5",https://www.sec.gov/Archives/edgar/data/1341439/000119312526389274/orcl-20260831.htm,
O25_intangible_amort,Oracle,intangible_amort,2025-06-01,2025-08-31,420,USD_million,reported_actual,OQ,2026-09,2026-09-27,"Condensed cash flows, printed p5",https://www.sec.gov/Archives/edgar/data/1341439/000119312526389274/orcl-20260831.htm,
O26_deferred_tax,Oracle,deferred_tax,2026-06-01,2026-08-31,-73,USD_million,reported_actual,OQ,2026-09,2026-09-27,"Condensed cash flows, printed p5",https://www.sec.gov/Archives/edgar/data/1341439/000119312526389274/orcl-20260831.htm,
O25_deferred_tax,Oracle,deferred_tax,2025-06-01,2025-08-31,515,USD_million,reported_actual,OQ,2026-09,2026-09-27,"Condensed cash flows, printed p5",https://www.sec.gov/Archives/edgar/data/1341439/000119312526389274/orcl-20260831.htm,
O26_sbc,Oracle,sbc,2026-06-01,2026-08-31,1127,USD_million,reported_actual,OQ,2026-09,2026-09-27,"Condensed cash flows, printed p5",https://www.sec.gov/Archives/edgar/data/1341439/000119312526389274/orcl-20260831.htm,
O25_sbc,Oracle,sbc,2025-06-01,2025-08-31,1124,USD_million,reported_actual,OQ,2026-09,2026-09-27,"Condensed cash flows, printed p5",https://www.sec.gov/Archives/edgar/data/1341439/000119312526389274/orcl-20260831.htm,
O26_other_noncash,Oracle,other_noncash,2026-06-01,2026-08-31,-4,USD_million,reported_actual,OQ,2026-09,2026-09-27,"Condensed cash flows, printed p5",https://www.sec.gov/Archives/edgar/data/1341439/000119312526389274/orcl-20260831.htm,
O25_other_noncash,Oracle,other_noncash,2025-06-01,2025-08-31,164,USD_million,reported_actual,OQ,2026-09,2026-09-27,"Condensed cash flows, printed p5",https://www.sec.gov/Archives/edgar/data/1341439/000119312526389274/orcl-20260831.htm,
O26_wc_ar,Oracle,wc_ar,2026-06-01,2026-08-31,-1009,USD_million,reported_actual,OQ,2026-09,2026-09-27,"Condensed cash flows, printed p5",https://www.sec.gov/Archives/edgar/data/1341439/000119312526389274/orcl-20260831.htm,
O25_wc_ar,Oracle,wc_ar,2025-06-01,2025-08-31,-245,USD_million,reported_actual,OQ,2026-09,2026-09-27,"Condensed cash flows, printed p5",https://www.sec.gov/Archives/edgar/data/1341439/000119312526389274/orcl-20260831.htm,
O26_wc_prepaid,Oracle,wc_prepaid,2026-06-01,2026-08-31,114,USD_million,reported_actual,OQ,2026-09,2026-09-27,"Condensed cash flows, printed p5",https://www.sec.gov/Archives/edgar/data/1341439/000119312526389274/orcl-20260831.htm,
O25_wc_prepaid,Oracle,wc_prepaid,2025-06-01,2025-08-31,59,USD_million,reported_actual,OQ,2026-09,2026-09-27,"Condensed cash flows, printed p5",https://www.sec.gov/Archives/edgar/data/1341439/000119312526389274/orcl-20260831.htm,
O26_wc_ap,Oracle,wc_ap,2026-06-01,2026-08-31,-1076,USD_million,reported_actual,OQ,2026-09,2026-09-27,"Condensed cash flows, printed p5",https://www.sec.gov/Archives/edgar/data/1341439/000119312526389274/orcl-20260831.htm,
O25_wc_ap,Oracle,wc_ap,2025-06-01,2025-08-31,-334,USD_million,reported_actual,OQ,2026-09,2026-09-27,"Condensed cash flows, printed p5",https://www.sec.gov/Archives/edgar/data/1341439/000119312526389274/orcl-20260831.htm,
O26_wc_tax,Oracle,wc_tax,2026-06-01,2026-08-31,546,USD_million,reported_actual,OQ,2026-09,2026-09-27,"Condensed cash flows, printed p5",https://www.sec.gov/Archives/edgar/data/1341439/000119312526389274/orcl-20260831.htm,
O25_wc_tax,Oracle,wc_tax,2025-06-01,2025-08-31,-391,USD_million,reported_actual,OQ,2026-09,2026-09-27,"Condensed cash flows, printed p5",https://www.sec.gov/Archives/edgar/data/1341439/000119312526389274/orcl-20260831.htm,
O26_financing_prepay,Oracle,financing_prepay,2026-06-01,2026-08-31,11363,USD_million,reported_actual,OQ,2026-09,2026-09-27,"Condensed cash flows, printed p5",https://www.sec.gov/Archives/edgar/data/1341439/000119312526389274/orcl-20260831.htm,Operating classification is reported; economically advance funding with future service/interest burden. Not independent profit.
O25_financing_prepay,Oracle,financing_prepay,2025-06-01,2025-08-31,0,USD_million,reported_actual,OQ,2026-09,2026-09-27,"Condensed cash flows, printed p5",https://www.sec.gov/Archives/edgar/data/1341439/000119312526389274/orcl-20260831.htm,
O26_other_deferred,Oracle,other_deferred,2026-06-01,2026-08-31,3997,USD_million,reported_actual,OQ,2026-09,2026-09-27,"Condensed cash flows, printed p5",https://www.sec.gov/Archives/edgar/data/1341439/000119312526389274/orcl-20260831.htm,
O25_other_deferred,Oracle,other_deferred,2025-06-01,2025-08-31,2550,USD_million,reported_actual,OQ,2026-09,2026-09-27,"Condensed cash flows, printed p5",https://www.sec.gov/Archives/edgar/data/1341439/000119312526389274/orcl-20260831.htm,
O26_unpaid_ppe,Oracle,unpaid_ppe,2026-06-01,2026-08-31,6247,USD_million,reported_actual,OQ,2026-09,2026-09-27,"Condensed cash flows, printed p5",https://www.sec.gov/Archives/edgar/data/1341439/000119312526389274/orcl-20260831.htm,"Stock of incurred capital payables, not extra cash paid; avoid adding atop future capex."
O25_unpaid_ppe,Oracle,unpaid_ppe,2025-06-01,2025-08-31,4010,USD_million,reported_actual,OQ,2026-09,2026-09-27,"Condensed cash flows, printed p5",https://www.sec.gov/Archives/edgar/data/1341439/000119312526389274/orcl-20260831.htm,"Stock of incurred capital payables, not extra cash paid; avoid adding atop future capex."
M_CASH,Microsoft,cash,,2026-06-30,20935,USD_million,reported_actual,MSK,2026-07-29,2026-09-27,Balance sheet p52,https://microsoft.gcs-web.com/static-files/8a9beeed-0e9e-48e6-b4fb-593d558e2693,
M_SEC,Microsoft,short_investments,,2026-06-30,55908,USD_million,reported_actual,MSK,2026-07-29,2026-09-27,Balance sheet p52,https://microsoft.gcs-web.com/static-files/8a9beeed-0e9e-48e6-b4fb-593d558e2693,Includes separately disclosed restricted short-term investments.
M_SEC_RESTRICTED,Microsoft,restricted_short_investments,,2026-06-30,3800,USD_million,reported_rounded,MSK,2026-07-29,2026-09-27,Note1 p57,https://microsoft.gcs-web.com/static-files/8a9beeed-0e9e-48e6-b4fb-593d558e2693,Exclude from resources; 7.5bn additional restricted investments sit outside short-term pool.
M_LONG_RESTRICTED,Microsoft,restricted_other_investments,,2026-06-30,7500,USD_million,reported_rounded,MSK,2026-07-29,2026-09-27,Note1 p57,https://microsoft.gcs-web.com/static-files/8a9beeed-0e9e-48e6-b4fb-593d558e2693,Not in starting cash/short-term investment pool; do not deduct again.
M_COMPONENT_AR,Microsoft,component_receivables,,2026-06-30,27800,USD_million,reported_rounded,MSK,2026-07-29,2026-09-27,Note1 p57,https://microsoft.gcs-web.com/static-files/8a9beeed-0e9e-48e6-b4fb-593d558e2693,Other current receivables facilitating server components; not assumed realizable cash today.
M_COMPONENT_AR25,Microsoft,component_receivables,,2025-06-30,8200,USD_million,reported_rounded,MSK,2026-07-29,2026-09-27,Note1 p57,https://microsoft.gcs-web.com/static-files/8a9beeed-0e9e-48e6-b4fb-593d558e2693,Same disclosure; not trade customer receivables.
M_LIQ25,Microsoft,cash_short_investments,,2025-06-30,94565,USD_million,reported_actual,MSK,2026-07-29,2026-09-27,Balance sheet p52,https://microsoft.gcs-web.com/static-files/8a9beeed-0e9e-48e6-b4fb-593d558e2693,"Reported combined pool, not asserted fully unrestricted."
M_PROGRAM,Microsoft,program_repurchases,,2026-06-30,16719,USD_million,reported_actual,MSK,2026-07-29,2026-09-27,Note15 p79,https://microsoft.gcs-web.com/static-files/8a9beeed-0e9e-48e6-b4fb-593d558e2693,FY2026 program purchases; excludes employee tax-withholding repurchases.
M_TAX26,Microsoft,cash_tax,,2026-06-30,21188,USD_million,reported_actual,MSK,2026-07-29,2026-09-27,Note12 p76,https://microsoft.gcs-web.com/static-files/8a9beeed-0e9e-48e6-b4fb-593d558e2693,FY2026 cash tax net refunds.
M_TAX25,Microsoft,cash_tax,,2025-06-30,28700,USD_million,reported_rounded,MSK,2026-07-29,2026-09-27,Note12 p76,https://microsoft.gcs-web.com/static-files/8a9beeed-0e9e-48e6-b4fb-593d558e2693,"FY2025; 28.7bn rounded, so difference is approximate."
M_PPE_AP,Microsoft,unpaid_ppe,,2026-06-30,26700,USD_million,reported_rounded,MSK,2026-07-29,2026-09-27,Note6 p69,https://microsoft.gcs-web.com/static-files/8a9beeed-0e9e-48e6-b4fb-593d558e2693,Incurred supplier claims; not automatically additional to future cash capex.
M_OAI_AR,Microsoft,openai_receivable,,2026-06-30,6000,USD_million,reported_rounded,MSK,2026-07-29,2026-09-27,Note3 p60,https://microsoft.gcs-web.com/static-files/8a9beeed-0e9e-48e6-b4fb-593d558e2693,Not current collected cash.
M_OAI_REV,Microsoft,openai_revenue,,2026-06-30,24100,USD_million,reported_rounded,MSK,2026-07-29,2026-09-27,Note3 p60,https://microsoft.gcs-web.com/static-files/8a9beeed-0e9e-48e6-b4fb-593d558e2693,FY2026 includes revenue sharing; not purely Azure rental receipts.
M_OAI_COMMIT,Microsoft,openai_funding_commit,,2026-06-30,13000,USD_million,contractual_total,MSK,2026-07-29,2026-09-27,Note3 p60,https://microsoft.gcs-web.com/static-files/8a9beeed-0e9e-48e6-b4fb-593d558e2693,
M_OAI_FUNDED,Microsoft,openai_funded,,2026-06-30,11900,USD_million,reported_rounded,MSK,2026-07-29,2026-09-27,Note3 p60,https://microsoft.gcs-web.com/static-files/8a9beeed-0e9e-48e6-b4fb-593d558e2693,No exact timing assigned to unfunded remainder.
M_LEASE27,Microsoft,all_lease_payments,,2027-06-30,32411,USD_million,contractual_schedule,MSK,2026-07-29,2026-09-27,Contractual obligations p44,https://microsoft.gcs-web.com/static-files/8a9beeed-0e9e-48e6-b4fb-593d558e2693,As of June2026; includes uncommenced leases; not incremental to all operating cash costs.
M_LEASE_LATER,Microsoft,all_lease_payments_later,,after-2027-06-30,411095,USD_million,contractual_schedule,MSK,2026-07-29,2026-09-27,Contractual obligations p44,https://microsoft.gcs-web.com/static-files/8a9beeed-0e9e-48e6-b4fb-593d558e2693,No annual decomposition for uncommenced lease pipeline.
M_LEASE_OP27,Microsoft,commenced_op_lease,,2027-06-30,6082,USD_million,contractual_schedule,MSK,2026-07-29,2026-09-27,Note13 p78,https://microsoft.gcs-web.com/static-files/8a9beeed-0e9e-48e6-b4fb-593d558e2693,
M_LEASE_FL27,Microsoft,commenced_fl_lease,,2027-06-30,7121,USD_million,contractual_schedule,MSK,2026-07-29,2026-09-27,Note13 p78,https://microsoft.gcs-web.com/static-files/8a9beeed-0e9e-48e6-b4fb-593d558e2693,Includes interest.
M_LEASE_OP28,Microsoft,commenced_op_lease,,2028-06-30,4334,USD_million,contractual_schedule,MSK,2026-07-29,2026-09-27,Note13 p78,https://microsoft.gcs-web.com/static-files/8a9beeed-0e9e-48e6-b4fb-593d558e2693,Excludes newly commencing leases.
M_LEASE_FL28,Microsoft,commenced_fl_lease,,2028-06-30,7294,USD_million,contractual_schedule,MSK,2026-07-29,2026-09-27,Note13 p78,https://microsoft.gcs-web.com/static-files/8a9beeed-0e9e-48e6-b4fb-593d558e2693,Excludes newly commencing leases; includes interest.
M_LEASE_OP_TOTAL,Microsoft,commenced_op_total,,2026-06-30,24706,USD_million,contractual_schedule,MSK,2026-07-29,2026-09-27,Note13 p78,https://microsoft.gcs-web.com/static-files/8a9beeed-0e9e-48e6-b4fb-593d558e2693,Gross undiscounted.
M_LEASE_FL_TOTAL,Microsoft,commenced_fl_total,,2026-06-30,89686,USD_million,contractual_schedule,MSK,2026-07-29,2026-09-27,Note13 p78,https://microsoft.gcs-web.com/static-files/8a9beeed-0e9e-48e6-b4fb-593d558e2693,Gross undiscounted.
M_LEASE_UNSTART,Microsoft,uncommenced_leases,,2026-06-30,329100,USD_million,reported_rounded,MSK,2026-07-29,2026-09-27,Note13 p78,https://microsoft.gcs-web.com/static-files/8a9beeed-0e9e-48e6-b4fb-593d558e2693,Starts FY2027-2033; terms1-20years. Do not add again to all-lease obligations.
M_DEBT27,Microsoft,debt_principal_due,,2027-06-30,9250,USD_million,contractual_schedule,MSK,2026-07-29,2026-09-27,p44; Note10 p73,https://microsoft.gcs-web.com/static-files/8a9beeed-0e9e-48e6-b4fb-593d558e2693,
M_DEBT28,Microsoft,debt_principal_due,,2028-06-30,0,USD_million,contractual_schedule,MSK,2026-07-29,2026-09-27,Note10 p73,https://microsoft.gcs-web.com/static-files/8a9beeed-0e9e-48e6-b4fb-593d558e2693,
M_DEBT_LATER,Microsoft,debt_principal_later,,after-2027-06-30,36886,USD_million,contractual_schedule,MSK,2026-07-29,2026-09-27,p44,https://microsoft.gcs-web.com/static-files/8a9beeed-0e9e-48e6-b4fb-593d558e2693,
M_DEBT_INT27,Microsoft,debt_interest_due,,2027-06-30,1405,USD_million,contractual_schedule,MSK,2026-07-29,2026-09-27,p44,https://microsoft.gcs-web.com/static-files/8a9beeed-0e9e-48e6-b4fb-593d558e2693,Already represented within operating cash convention; not subtracted again.
M_CONSTRUCT27,Microsoft,construction_due,,2027-06-30,29848,USD_million,contractual_schedule,MSK,2026-07-29,2026-09-27,p44,https://microsoft.gcs-web.com/static-files/8a9beeed-0e9e-48e6-b4fb-593d558e2693,Not added on top of modeled cash investment.
M_CONSTRUCT_LATER,Microsoft,construction_later,,after-2027-06-30,4718,USD_million,contractual_schedule,MSK,2026-07-29,2026-09-27,p44,https://microsoft.gcs-web.com/static-files/8a9beeed-0e9e-48e6-b4fb-593d558e2693,
M_PURCHASE27,Microsoft,purchases_due,,2027-06-30,169008,USD_million,contractual_schedule,MSK,2026-07-29,2026-09-27,p44 footnote d,https://microsoft.gcs-web.com/static-files/8a9beeed-0e9e-48e6-b4fb-593d558e2693,Open orders and take-or-pay contracts; operating/capital split and cancellability mix unprovided.
M_PURCHASE_LATER,Microsoft,purchases_later,,after-2027-06-30,25052,USD_million,contractual_schedule,MSK,2026-07-29,2026-09-27,p44,https://microsoft.gcs-web.com/static-files/8a9beeed-0e9e-48e6-b4fb-593d558e2693,
T_CASH,Meta,cash,,2026-06-30,15462,USD_million,reported_actual,TQ,2026-07-30,2026-09-27,Balance sheet; Note4,https://www.sec.gov/Archives/edgar/data/1326801/000162828026050705/meta-20260630.htm,Excludes restricted cash.
T_SEC,Meta,marketable_securities,,2026-06-30,74798,USD_million,reported_actual,TQ,2026-07-30,2026-09-27,Balance sheet; Note4,https://www.sec.gov/Archives/edgar/data/1326801/000162828026050705/meta-20260630.htm,"Marketable securities, not all bank cash."
T_RESTRICT_C,Meta,restricted_cash_current,,2026-06-30,702,USD_million,reported_actual,TQ,2026-07-30,2026-09-27,Cash reconciliation,https://www.sec.gov/Archives/edgar/data/1326801/000162828026050705/meta-20260630.htm,
T_RESTRICT_L,Meta,restricted_cash_long,,2026-06-30,13107,USD_million,reported_actual,TQ,2026-07-30,2026-09-27,Cash reconciliation,https://www.sec.gov/Archives/edgar/data/1326801/000162828026050705/meta-20260630.htm,
T_RESTRICT_C25,Meta,restricted_cash_current,,2025-12-31,837,USD_million,reported_actual,TQ,2026-07-30,2026-09-27,Cash reconciliation,https://www.sec.gov/Archives/edgar/data/1326801/000162828026050705/meta-20260630.htm,
T_RESTRICT_L25,Meta,restricted_cash_long,,2025-12-31,2390,USD_million,reported_actual,TQ,2026-07-30,2026-09-27,Cash reconciliation,https://www.sec.gov/Archives/edgar/data/1326801/000162828026050705/meta-20260630.htm,
T_CASH25,Meta,cash,,2025-12-31,35873,USD_million,reported_actual,TQ,2026-07-30,2026-09-27,Balance sheet,https://www.sec.gov/Archives/edgar/data/1326801/000162828026050705/meta-20260630.htm,
T_SEC25,Meta,marketable_securities,,2025-12-31,45719,USD_million,reported_actual,TQ,2026-07-30,2026-09-27,Balance sheet,https://www.sec.gov/Archives/edgar/data/1326801/000162828026050705/meta-20260630.htm,
T_NEW_ESCROW,Meta,purchase_escrow,,2026-06-30,10800,USD_million,reported_rounded,TQ,2026-07-30,2026-09-27,Note9,https://www.sec.gov/Archives/edgar/data/1326801/000162828026050705/meta-20260630.htm,Included in restricted cash; expected release2028-2030 subject to purchase obligations.
T_CAP_LOW,Meta,capital_outlook_low,,2026-12-31,130000,USD_million,management_guidance,TR,2026-07-29,2026-09-27,CFO outlook,https://investor.atmeta.com/investor-news/press-release-details/2026/Meta-Reports-Second-Quarter-2026-Results/default.aspx,Calendar2026 includes finance-lease principal; not AI-only or a legal spending floor.
T_CAP_HIGH,Meta,capital_outlook_high,,2026-12-31,145000,USD_million,management_guidance,TR,2026-07-29,2026-09-27,CFO outlook,https://investor.atmeta.com/investor-news/press-release-details/2026/Meta-Reports-Second-Quarter-2026-Results/default.aspx,Calendar2026 includes finance-lease principal.
T_FIXED26,Meta,noncancelable_due,,2026-12-31,53520,USD_million,reported_rounded,TQ,2026-07-30,2026-09-27,Note9,https://www.sec.gov/Archives/edgar/data/1326801/000162828026050705/meta-20260630.htm,Remainder2026; includes operating cloud and capital; cannot add to full OCF/capex budget.
T_FIXED27,Meta,noncancelable_due,,2027-12-31,81650,USD_million,reported_rounded,TQ,2026-07-30,2026-09-27,Note9,https://www.sec.gov/Archives/edgar/data/1326801/000162828026050705/meta-20260630.htm,Includes cloud capacity and capital; unknown split.
T_FIXED_TOTAL,Meta,noncancelable_total,,2026-06-30,349310,USD_million,reported_rounded,TQ,2026-07-30,2026-09-27,Note9,https://www.sec.gov/Archives/edgar/data/1326801/000162828026050705/meta-20260630.htm,Both short and long term; lease overlap not independently decomposed.
T_UNSTART,Meta,uncommenced_leases,,2026-06-30,278990,USD_million,reported_rounded,TQ,2026-07-30,2026-09-27,Note9,https://www.sec.gov/Archives/edgar/data/1326801/000162828026050705/meta-20260630.htm,Starts remainder2026-2036; not current cash debt.
T_JULYLEASE,Meta,new_july_leases,,2026-07,68000,USD_million,reported_subsequent_commitment,TQ,2026-07-30,2026-09-27,Note9,https://www.sec.gov/Archives/edgar/data/1326801/000162828026050705/meta-20260630.htm,Starts2027-2028;18-20year terms. Cash-start profile not supplied.
T_CONTINGENT,Meta,contingent_cloud,,2026-06-30,14720,USD_million,reported_contingent,TQ,2026-07-30,2026-09-27,Note9,https://www.sec.gov/Archives/edgar/data/1326801/000162828026050705/meta-20260630.htm,Five years; reduces if provider resells capacity. Not all noncancelable purchases have this right.
T_DEBT26,Meta,debt_principal_due,,2026-12-31,0,USD_million,contractual_schedule,TQ,2026-07-30,2026-09-27,Note8,https://www.sec.gov/Archives/edgar/data/1326801/000162828026050705/meta-20260630.htm,Remainder2026.
T_DEBT27,Meta,debt_principal_due,,2027-12-31,2750,USD_million,contractual_schedule,TQ,2026-07-30,2026-09-27,Note8,https://www.sec.gov/Archives/edgar/data/1326801/000162828026050705/meta-20260630.htm,
T_DEBT28,Meta,debt_principal_due,,2028-12-31,1500,USD_million,contractual_schedule,TQ,2026-07-30,2026-09-27,Note8,https://www.sec.gov/Archives/edgar/data/1326801/000162828026050705/meta-20260630.htm,
T_DEBT_LATER,Meta,debt_after_2028,,after-2028-12-31,79750,USD_million,calculated_from_schedule,TQ,2026-07-30,2026-09-27,Note8,https://www.sec.gov/Archives/edgar/data/1326801/000162828026050705/meta-20260630.htm,1000+5000+73750; script checks against84bnface.
T_DEBT_FACE,Meta,debt_face,,2026-06-30,84000,USD_million,reported_actual,TQ,2026-07-30,2026-09-27,Note8,https://www.sec.gov/Archives/edgar/data/1326801/000162828026050705/meta-20260630.htm,Not carrying value.
T_MAY_FACE,Meta,may_issue_face,,2026-05,25000,USD_million,reported_issued,TQ,2026-07-30,2026-09-27,Note8,https://www.sec.gov/Archives/edgar/data/1326801/000162828026050705/meta-20260630.htm,Net24910 already included in H1cash and June resources.
T_INT12,Meta,interest_next12months,,2027-06-30,4400,USD_million,reported_rounded,TQ,2026-07-30,2026-09-27,MD&A Long-term debt,https://www.sec.gov/Archives/edgar/data/1326801/000162828026050705/meta-20260630.htm,Separate schedule not added again to forecast operating cash.
T_JV_CASH,Meta,el_paso_expected_cash,,2026-Q3,1000,USD_million,conditional_not_closed,TQ,2026-07-30,2026-09-27,Note13,https://www.sec.gov/Archives/edgar/data/1326801/000162828026050705/meta-20260630.htm,Exclusivity; definitive agreements/closing still required in this source. Excluded from modeled resources.
T_JV_SUPPORT,Meta,el_paso_max_guarantee,,2026-Q3,13000,USD_million,conditional_not_closed,TQ,2026-07-30,2026-09-27,Note13,https://www.sec.gov/Archives/edgar/data/1326801/000162828026050705/meta-20260630.htm,"Residual-value guarantee, not equivalent current cash payment."
T_NEW_FL25,Meta,new_fl_assets,,2025-12-31,613,USD_million,reported_actual,TK,2026-01-29,2026-09-27,Lease supplemental cash table,https://www.sec.gov/Archives/edgar/data/1326801/000162828026003942/meta-20251231.htm,New fixed lease recognition does not measure variable payments or maintenance.
T_LEASE_OP26,Meta,commenced_op_lease,,2026-12-31,3211,USD_million,contractual_schedule,TK,2026-01-29,2026-09-27,Lease maturities at Dec2025,https://www.sec.gov/Archives/edgar/data/1326801/000162828026003942/meta-20251231.htm,Older schedule; not current June entire cash floor.
T_LEASE_FL26,Meta,commenced_fl_lease,,2026-12-31,344,USD_million,contractual_schedule,TK,2026-01-29,2026-09-27,Lease maturities at Dec2025,https://www.sec.gov/Archives/edgar/data/1326801/000162828026003942/meta-20251231.htm,Excludes variable lease payments; not full financing cash.
T_LEASE_OP27,Meta,commenced_op_lease,,2027-12-31,3237,USD_million,contractual_schedule,TK,2026-01-29,2026-09-27,Lease maturities at Dec2025,https://www.sec.gov/Archives/edgar/data/1326801/000162828026003942/meta-20251231.htm,Older schedule excludes new leases.
T_LEASE_FL27,Meta,commenced_fl_lease,,2027-12-31,97,USD_million,contractual_schedule,TK,2026-01-29,2026-09-27,Lease maturities at Dec2025,https://www.sec.gov/Archives/edgar/data/1326801/000162828026003942/meta-20251231.htm,Excludes variable lease payments and new leases.
O_CASH,Oracle,cash,,2026-08-31,36369,USD_million,reported_actual,OQ,2026-09,2026-09-27,Balance sheet; cash flows,https://www.sec.gov/Archives/edgar/data/1341439/000119312526389274/orcl-20260831.htm,Excludes restrictedcash.
O_SEC,Oracle,marketable_securities,,2026-08-31,708,USD_million,reported_actual,OQ,2026-09,2026-09-27,Balance sheet,https://www.sec.gov/Archives/edgar/data/1341439/000119312526389274/orcl-20260831.htm,
O_CASH_START,Oracle,cash,,2026-05-31,31289,USD_million,reported_actual,OQ,2026-09,2026-09-27,Balance sheet,https://www.sec.gov/Archives/edgar/data/1341439/000119312526389274/orcl-20260831.htm,
O_SEC_START,Oracle,marketable_securities,,2026-05-31,605,USD_million,reported_actual,OQ,2026-09,2026-09-27,Balance sheet,https://www.sec.gov/Archives/edgar/data/1341439/000119312526389274/orcl-20260831.htm,
O_NEW_FL,Oracle,new_fl_assets,,2026-08-31,1539,USD_million,reported_actual,OQ,2026-09,2026-09-27,Note6 leases,https://www.sec.gov/Archives/edgar/data/1341439/000119312526389274/orcl-20260831.htm,Quarterly noncash additions; economic investment comparison only.
O_OP27,Oracle,commenced_op_lease,,2027-05-31,3219,USD_million,contractual_schedule,OQ,2026-09,2026-09-27,Note6,https://www.sec.gov/Archives/edgar/data/1341439/000119312526389274/orcl-20260831.htm,Remaining fiscal2027.
O_FL27,Oracle,commenced_fl_lease,,2027-05-31,620,USD_million,contractual_schedule,OQ,2026-09,2026-09-27,Note6,https://www.sec.gov/Archives/edgar/data/1341439/000119312526389274/orcl-20260831.htm,Remaining fiscal2027 includes interest.
O_OP28,Oracle,commenced_op_lease,,2028-05-31,4135,USD_million,contractual_schedule,OQ,2026-09,2026-09-27,Note6,https://www.sec.gov/Archives/edgar/data/1341439/000119312526389274/orcl-20260831.htm,
O_FL28,Oracle,commenced_fl_lease,,2028-05-31,852,USD_million,contractual_schedule,OQ,2026-09,2026-09-27,Note6,https://www.sec.gov/Archives/edgar/data/1341439/000119312526389274/orcl-20260831.htm,
O_OP_TOTAL,Oracle,commenced_op_total,,2026-08-31,48050,USD_million,contractual_schedule,OQ,2026-09,2026-09-27,Note6,https://www.sec.gov/Archives/edgar/data/1341439/000119312526389274/orcl-20260831.htm,Gross undiscounted.
O_FL_TOTAL,Oracle,commenced_fl_total,,2026-08-31,15195,USD_million,contractual_schedule,OQ,2026-09,2026-09-27,Note6,https://www.sec.gov/Archives/edgar/data/1341439/000119312526389274/orcl-20260831.htm,Gross undiscounted.
O_UNSTART,Oracle,uncommenced_leases,,2026-08-31,288000,USD_million,reported_rounded,OQ,2026-09,2026-09-27,Note6,https://www.sec.gov/Archives/edgar/data/1341439/000119312526389274/orcl-20260831.htm,StartsQ2FY27-FY29;15-19yearterms. Not in commenced maturity table.
O_PURCHASE27,Oracle,unconditional_due,,2027-05-31,5449,USD_million,contractual_schedule,OQ,2026-09,2026-09-27,Note6,https://www.sec.gov/Archives/edgar/data/1341439/000119312526389274/orcl-20260831.htm,RemainingFY27; only agreements>=1year.
O_PURCHASE28,Oracle,unconditional_due,,2028-05-31,6176,USD_million,contractual_schedule,OQ,2026-09,2026-09-27,Note6,https://www.sec.gov/Archives/edgar/data/1341439/000119312526389274/orcl-20260831.htm,Agreements>=1year; operating/capital mix.
O_PURCHASE_TOTAL,Oracle,unconditional_total,,2026-08-31,34150,USD_million,contractual_schedule,OQ,2026-09,2026-09-27,Note6,https://www.sec.gov/Archives/edgar/data/1341439/000119312526389274/orcl-20260831.htm,May sell excess product; obligation not thereby cancelled.
CW_FACE,CoreWeave,convertible_face,,2026-09-22,4200,USD_million,reported_closed,CW,2026-09-22,2026-09-27,Item1.01,https://www.sec.gov/Archives/edgar/data/1769628/000176962826000432/crwv-20260917.htm,Option included; financing not operating cash.
CW_NET,CoreWeave,net_after_discounts,,2026-09-22,4137,USD_million,reported_closed,CW,2026-09-22,2026-09-27,Item1.01,https://www.sec.gov/Archives/edgar/data/1769628/000176962826000432/crwv-20260917.htm,Before cappedcalls/otherexpenses; not current unspent balance.
CW_CAPCALL,CoreWeave,capped_calls,,2026-09-22,566.2,USD_million,reported_transaction_cost,CW,2026-09-22,2026-09-27,Item1.01,https://www.sec.gov/Archives/edgar/data/1769628/000176962826000432/crwv-20260917.htm,Do not deduct twice.
M_SHARES,Microsoft,shares_outstanding,,2026-07-23,7425.545491,million_shares,reported_actual,MSK,2026-07-29,2026-09-27,Cover page,https://microsoft.gcs-web.com/static-files/8a9beeed-0e9e-48e6-b4fb-593d558e2693,"Frozen denominator for dividend-policy sensitivity, not September contemporaneous count."
M_SEP_DIV,Microsoft,declared_dividend_total,,2026-09-10,6759,USD_million,declared_payment_schedule,MSK,2026-07-29,2026-09-27,Note15 p80,https://microsoft.gcs-web.com/static-files/8a9beeed-0e9e-48e6-b4fb-593d558e2693,June10 declaration; September10 payable date. Retained in FY27 cash-policy scenario.
M_NEW_DIV,Microsoft,dividend_per_share,,2026-12-10,0.98,USD_per_share,declared_payment_schedule,MDIV,2026-09-15,2026-09-27,September15 declaration,https://news.microsoft.com/source/2026/09/15/microsoft-announces-quarterly-dividend-increase-7/,December payment declared; repeating this rate for March and June is a research assumption.
A_BUFFER,Research,illustrative_liquidity_buffer,,scenario,50000,USD_million,research_assumption,MODEL,2026-09-27,2026-09-27,Cash-budget assumptions and Methods; the companion code reproduces the specified cases.,../research/payer-cash-and-spending-flexibility/index.html#methods,Not a covenant or minimum liquidity estimate; alternative to hold-start and zero-buffer results.
A_MS_GROW,Research,favorable_prelease_cash_growth,,scenario,0.2,fraction,research_assumption,MODEL,2026-09-27,2026-09-27,Cash-budget assumptions and Methods; the companion code reproduces the specified cases.,../research/payer-cash-and-spending-flexibility/index.html#methods,Conditional20% improvement; not issuer cash guidance.
A_MS_JGROW,Research,favorable_cash_investment_growth,,scenario,0.1,fraction,research_assumption,MODEL,2026-09-27,2026-09-27,Cash-budget assumptions and Methods; the companion code reproduces the specified cases.,../research/payer-cash-and-spending-flexibility/index.html#methods,Conditional growth in PPE plus other-investing envelope; not calendar capex guidance.
A_FIN_RATE,Research,new_finance_cash_rate,,scenario,0.06,fraction,research_assumption,MODEL,2026-09-27,2026-09-27,Cash-budget assumptions and Methods; the companion code reproduces the specified cases.,../research/payer-cash-and-spending-flexibility/index.html#methods,Illustrative annual cash cost on new net funds; no underwriting or committed facility assumed.
A_ZERO,Research,no_incremental_uses,,scenario,0,USD_million,research_assumption,MODEL,2026-09-27,2026-09-27,Cash-budget assumptions and Methods; the companion code reproduces the specified cases.,../research/payer-cash-and-spending-flexibility/index.html#methods,Base cases assume no extra undisclosed uses/restrictions; explicit sensitivities add them.
